seed,r,epoch,F_proxy,w_proxy,dmn_proxy
10,0.0,0,266.0632701775967,0.99085,0.9688520791293833
10,0.0,1,258.24108065091644,0.99245,0.9972795066936448
10,0.0,2,254.19452921549478,0.9934499999999999,0.9999610730117522
10,0.0,3,251.53961944580078,0.9946999999999999,0.9999978748531798
10,0.0,4,249.72310149363983,0.9952000000000002,0.9999994092041082
10,0.0,5,248.40295977470203,0.99545,0.9999996286291435
10,0.0,6,247.41974581204929,0.9957,0.9999995948382565
10,0.0,7,246.6313251593174,0.9958500000000001,0.9999997632029994
10,0.0,8,246.02760804005158,0.9958500000000001,0.9999997644909538
10,0.0,9,245.53214146540716,0.99595,0.9999997449516468
10,0.0,10,245.13519404484674,0.9959,0.9999997905550888
10,0.0,11,244.7987518310547,0.9960000000000001,0.9999996937114384
10,0.0,12,244.52799263978616,0.9961500000000001,0.9999996004388322
10,0.0,13,244.29163595346304,0.9958500000000001,0.9999994826493962
10,0.0,14,244.11669413248697,0.99565,0.9999995154333333
10,0.2,0,233.94197456204162,0.9968999999999999,0.967661041470063
10,0.2,1,228.18013654436385,0.9976500000000001,0.9997224364002067
10,0.2,2,225.5486068725586,0.9974000000000001,0.9999753354586205
10,0.2,3,223.9477778843471,0.99755,0.9999915555282373
10,0.2,4,222.8183519013074,0.9977500000000001,0.9999960376382373
10,0.2,5,221.96804217902982,0.9977500000000001,0.9999978927697798
10,0.2,6,221.30874010981347,0.99785,0.9999986473835033
10,0.2,7,220.79915260782047,0.9975999999999999,0.9999985639206106
10,0.2,8,220.39127256432357,0.9978,0.999994460343524
10,0.2,9,220.0557535911093,0.99755,0.9999848590936511
10,0.2,10,219.7566855294364,0.99745,0.999969520575251
10,0.2,11,219.5313960484096,0.9975999999999999,0.9999148503506198
10,0.2,12,219.32180832843392,0.9976499999999999,0.994473734413654
10,0.2,13,219.15594824966118,0.9977,0.9613473139863064
10,0.2,14,219.02393403345224,0.99755,0.9443191834641131
10,0.3,0,218.47351706564965,0.99695,0.6699359602367126
10,0.3,1,213.41477155255842,0.99735,0.9177779043558163
10,0.3,2,211.27630752700944,0.9976499999999999,0.9872280242889772
10,0.3,3,209.95745890849346,0.9977500000000001,0.9970131308868246
10,0.3,4,209.04532382724523,0.9979000000000001,0.999043356117596
10,0.3,5,208.3638018358935,0.9980500000000001,0.9996847231995457
10,0.3,6,207.8122223175324,0.9980500000000001,0.9998648393423518
10,0.3,7,207.42010800473324,0.998,0.9999333453995991
10,0.3,8,207.07197378347587,0.9979000000000001,0.9999050844714428
10,0.3,9,206.79722897641292,0.99795,0.9997102494129853
10,0.3,10,206.5722099510399,0.99795,0.9973038216529196
10,0.3,11,206.370814280467,0.99795,0.976262198005947
10,0.3,12,206.17879877863703,0.99795,0.962994446179851
10,0.3,13,206.04582516781917,0.99795,0.9595859950850187
10,0.3,14,205.87684150214668,0.99795,0.9681908732097295
10,0.4,0,200.9669715822205,0.9972,0.2862528830835073
10,0.4,1,197.38965577118157,0.9976500000000001,0.661191117004041
10,0.4,2,195.64861717519835,0.9977499999999999,0.8720959607512235
10,0.4,3,194.51653591422146,0.9979000000000001,0.9444600630605701
10,0.4,4,193.76846751131754,0.998,0.9740005405874735
10,0.4,5,193.2067739797193,0.9981,0.9721629075375724
10,0.4,6,192.7968405790107,0.9982,0.9624925240490132
10,0.4,7,192.4613678215086,0.9981500000000001,0.8875273913180319
10,0.4,8,192.20492151541302,0.9982,0.7372178764178418
10,0.4,9,191.9649384964344,0.9982,0.6510578493517701
10,0.4,10,191.7748998597611,0.99825,0.6229605011241263
10,0.4,11,191.59872377380844,0.9984,0.622934898997388
10,0.4,12,191.47586591853653,0.9984,0.6847846986445297
10,0.4,13,191.38098806928295,0.99855,0.6487741952291212
10,0.4,14,191.2829949430717,0.9984999999999999,0.5961137666159018
10,0.5,0,184.2076256580842,0.9974500000000001,0.08290163723369631
10,0.5,1,181.2982030037122,0.998,0.13490649924407
10,0.5,2,180.05620760795398,0.9977,0.2226381653681636
10,0.5,3,179.2778147183932,0.9978499999999999,0.35815999312175884
10,0.5,4,178.7860022324782,0.9978499999999999,0.47318135537238404
10,0.5,5,178.3644899221567,0.9982,0.6268894292773121
10,0.5,6,178.071960351406,0.9980499999999999,0.7045358253880126
10,0.5,7,177.85232935196314,0.9981,0.6648279805133045
10,0.5,8,177.58015764676608,0.99795,0.6422783283403419
10,0.5,9,177.3786646525065,0.9980500000000001,0.650216285383907
10,0.5,10,177.2450442191882,0.9981,0.652911946821047
10,0.5,11,177.10255960317758,0.99785,0.670389624069271
10,0.5,12,176.9751176100511,0.9979000000000001,0.6655809322937705
10,0.5,13,176.88782393626678,0.9979000000000001,0.6686609880902288
10,0.5,14,176.8189533918332,0.9978000000000001,0.6659916136186496
10,1.0,0,99.6376105088454,0.9510500000000001,7.031168503718442e-05
10,1.0,1,99.68778668917142,0.9525499999999999,5.050997406408597e-05
10,1.0,2,99.75001349815956,0.9541499999999999,4.9168910131010135e-05
10,1.0,3,99.78966170090895,0.95375,5.569450485225051e-05
10,1.0,4,99.85259168575972,0.9535,5.471948241935232e-05
10,1.0,5,99.9046879303761,0.9535500000000001,6.347288888955051e-05
10,1.0,6,99.95344602144681,0.95225,6.758861023252519e-05
10,1.0,7,99.99569672804613,0.9518000000000001,7.743825101708246e-05
10,1.0,8,100.02012272370168,0.95135,0.00020822134823322323
10,1.0,9,100.07819630549504,0.9520500000000001,0.0024175239197506983
10,1.0,10,100.08271760206956,0.95075,0.004772053104510784
10,1.0,11,100.1271386757875,0.9511499999999999,0.002334108302057534
10,1.0,12,100.16014236058945,0.9516,0.002436168706650625
10,1.0,13,100.19029822716347,0.9526,0.004210429037247138
10,1.0,14,100.21326368283003,0.95325,0.004944920829682772
11,0.0,0,266.10394052358777,0.99505,0.990529435295753
11,0.0,1,258.15616451165613,0.99655,0.9999610821648928
11,0.0,2,254.23362966684195,0.99635,0.9999988935597673
11,0.0,3,251.76734317877353,0.99605,0.9999997151280619
11,0.0,4,250.02857169126852,0.9960000000000001,0.9999998152639437
11,0.0,5,248.7809280004257,0.9958,0.9999998490892866
11,0.0,6,247.84021915533603,0.9958,0.9999998658416257
11,0.0,7,247.07019336407,0.9956499999999998,0.9999998728283643
11,0.0,8,246.39588576096756,0.99535,0.9999998806044779
11,0.0,9,245.82596079508463,0.9949,0.9999998320626644
11,0.0,10,245.34604918651092,0.99455,0.9999996355211292
11,0.0,11,244.98157735971304,0.9941000000000001,0.9999993199664778
11,0.0,12,244.63612111409506,0.9938,0.9999985930279337
11,0.0,13,244.36092983148038,0.9936999999999999,0.9999972263994051
11,0.0,14,244.13747229942908,0.99365,0.9999938313811815
11,0.2,0,234.2929016424685,0.9973000000000001,0.9179201307337981
11,0.2,1,228.85315891188017,0.9979000000000001,0.9998015262976829
11,0.2,2,226.13527243477958,0.998,0.9999897823799717
11,0.2,3,224.4317398071289,0.9981500000000001,0.9999977211237884
11,0.2,4,223.24597572793766,0.9982000000000001,0.999998965454269
11,0.2,5,222.35836293746013,0.9982,0.999999287500499
11,0.2,6,221.69834043541732,0.99825,0.9999996184510136
11,0.2,7,221.13614467698702,0.9980500000000001,0.9999997075296928
11,0.2,8,220.68953440140706,0.9980499999999999,0.9999996666209474
11,0.2,9,220.31954130834464,0.99825,0.9999994800463576
11,0.2,10,220.01190076555525,0.99825,0.9999937625122644
11,0.2,11,219.75029396524235,0.9982000000000001,0.9999773409817123
11,0.2,12,219.52614453374122,0.99825,0.9830384000655288
11,0.2,13,219.34775621063855,0.9981500000000001,0.9454858288762139
11,0.2,14,219.18039687798947,0.9980500000000001,0.9358911498470173
11,0.3,0,218.71165590028505,0.9972999999999999,0.6381001545885566
11,0.3,1,214.28985691929722,0.998,0.9909949381306291
11,0.3,2,212.01242848989125,0.9981500000000001,0.99882909156331
11,0.3,3,210.60802782763233,0.9982500000000002,0.9997252244531335
11,0.3,4,209.651141192462,0.9984,0.9999018682984849
11,0.3,5,208.928007796004,0.99835,0.9999646623013653
11,0.3,6,208.35864244065843,0.9985000000000002,0.9999859986259448
11,0.3,7,207.8951410516962,0.9987000000000001,0.9999939913292712
11,0.3,8,207.51096749520516,0.9987999999999999,0.9999972963307364
11,0.3,9,207.18161574355116,0.9989000000000001,0.9999979960588927
11,0.3,10,206.92306958447705,0.99895,0.9999955693387178
11,0.3,11,206.69082545374965,0.9989000000000001,0.9997782832462219
11,0.3,12,206.50875084679407,0.99885,0.9993952502533855
11,0.3,13,206.33862579620637,0.9989000000000001,0.9999185736017399
11,0.3,14,206.20524432208086,0.99895,0.9995788855219848
11,0.4,0,201.60922939093538,0.9978,0.2455313832078824
11,0.4,1,197.87170209071434,0.9984,0.7862503291950109
11,0.4,2,196.16055356994156,0.99835,0.9663120230162463
11,0.4,3,195.06241518952126,0.9984,0.9873350982069798
11,0.4,4,194.29020892002785,0.99855,0.9945372809040433
11,0.4,5,193.7160406778025,0.9986,0.9972452107118104
11,0.4,6,193.25763448079428,0.99855,0.9965810832558497
11,0.4,7,192.92366098803143,0.99855,0.9812438588565132
11,0.4,8,192.62660205456638,0.9986,0.9507316449388307
11,0.4,9,192.36807735945828,0.99855,0.8818078183082413
11,0.4,10,192.16568596418514,0.9984500000000001,0.7836460004650201
11,0.4,11,191.97820867494096,0.9986,0.7408709541771387
11,0.4,12,191.8105326807776,0.9986,0.7087063902405548
11,0.4,13,191.6541194472202,0.9984,0.7523626377917461
11,0.4,14,191.54614541696947,0.99855,0.7159257576312605
11,0.5,0,184.95773070897812,0.9976,0.022452124692254813
11,0.5,1,181.96518814869415,0.99855,0.222340348367356
11,0.5,2,180.5559710967235,0.9986,0.47397193034906465
11,0.5,3,179.66506566756811,0.99875,0.671931501566333
11,0.5,4,179.04621623112604,0.9986500000000001,0.7600850871585966
11,0.5,5,178.59857833079803,0.99855,0.7475473383437856
11,0.5,6,178.25230573996518,0.99875,0.7012364955578962
11,0.5,7,177.94999645917844,0.9987,0.7155399881598263
11,0.5,8,177.71829790946765,0.99875,0.7043223536092054
11,0.5,9,177.51976472903522,0.9987,0.691622832955189
11,0.5,10,177.34464107415616,0.9986499999999999,0.6742912954103805
11,0.5,11,177.1885237082457,0.9987,0.6412996925625806
11,0.5,12,177.05737920907828,0.99875,0.584761495705072
11,0.5,13,176.9535407041892,0.9986499999999999,0.5654691430607381
11,0.5,14,176.83296643770657,0.99875,0.5784903461925588
11,1.0,0,100.30365410829202,0.9651500000000001,3.3720911120355035e-05
11,1.0,1,100.24745520567282,0.9668000000000001,4.612412342267967e-05
11,1.0,2,100.27966738969852,0.9690000000000001,4.154980947081714e-05
11,1.0,3,100.32576174613757,0.9698500000000001,3.742438701713642e-05
11,1.0,4,100.35906747671274,0.9702499999999998,3.28851241228809e-05
11,1.0,5,100.3754512102176,0.9698499999999999,2.826512618036576e-05
11,1.0,6,100.40935927170973,0.9699500000000001,4.240081335621454e-05
11,1.0,7,100.43820591461964,0.97015,0.0001928115183846573
11,1.0,8,100.47000982822516,0.9702999999999999,0.0007903076950719278
11,1.0,9,100.49627147576747,0.97015,0.0018772315450487325
11,1.0,10,100.5323979304387,0.9699499999999999,0.0019442256104946665
11,1.0,11,100.54480958596254,0.97005,0.00025213573741506836
11,1.0,12,100.5632700797839,0.9695,0.00045884254160842455
11,1.0,13,100.58901899288863,0.9695500000000001,0.0006180027834655433
11,1.0,14,100.6033667539939,0.9690999999999999,0.0008942764036697488
12,0.0,0,266.0565453553811,0.99085,0.9972396673498479
12,0.0,1,258.4921387892503,0.9956000000000002,0.9999997591174131
12,0.0,2,254.54211014967697,0.9968,0.9999999968283472
12,0.0,3,251.85811086801382,0.9977,0.9999999968437433
12,0.0,4,250.16652151254507,0.9976499999999999,0.9999999969713271
12,0.0,5,248.91014157808743,0.9978000000000001,0.9999999941691696
12,0.0,6,247.93590193528397,0.9977,0.9999999905751926
12,0.0,7,247.17107763045874,0.9974999999999999,0.9999999857909135
12,0.0,8,246.58790568816357,0.9974000000000001,0.9999999771795564
12,0.0,9,246.0963334303636,0.9972999999999999,0.9999999767293984
12,0.0,10,245.69439951578775,0.9971,0.9999999744013304
12,0.0,11,245.35730802095853,0.9972,0.9999999693859104
12,0.0,12,245.07258899395282,0.99685,0.9999999343015941
12,0.0,13,244.83031346247748,0.9968499999999999,0.9999944048471486
12,0.0,14,244.63292987530048,0.9969999999999999,0.9999309605048198
12,0.2,0,234.06964407161792,0.99725,0.9957171510835799
12,0.2,1,228.79839402802136,0.9979500000000001,0.9999963871929208
12,0.2,2,226.12125272166972,0.9984500000000001,0.9999995007085055
12,0.2,3,224.39570648816166,0.9984500000000001,0.999999722468998
12,0.2,4,223.21283270388233,0.9984500000000001,0.9999997608209399
12,0.2,5,222.33601301543567,0.9984000000000002,0.9999997329117816
12,0.2,6,221.6746383978396,0.9984,0.9999996431509426
12,0.2,7,221.15180844676738,0.9983000000000001,0.9999994083066092
12,0.2,8,220.74696926194795,0.9982500000000002,0.9999989461832217
12,0.2,9,220.40269158810986,0.9982000000000001,0.999997677550628
12,0.2,10,220.11934661865234,0.9983000000000001,0.9999916769145352
12,0.2,11,219.88114508804009,0.9984500000000001,0.9999612699915011
12,0.2,12,219.67330558932557,0.9983500000000001,0.999976302692442
12,0.2,13,219.49513680594308,0.9983500000000001,0.9997174793111735
12,0.2,14,219.33337962870695,0.9984500000000001,0.98655648937092
12,0.3,0,218.83929773279138,0.9973500000000002,0.9337879882392476
12,0.3,1,214.10865522504926,0.9978999999999999,0.9981332107472886
12,0.3,2,211.89894420177012,0.9982,0.999689091714469
12,0.3,3,210.49682108561197,0.9984,0.9999076733786476
12,0.3,4,209.4794998856278,0.99835,0.9999651408352395
12,0.3,5,208.73455301920572,0.9982000000000001,0.9999812882528035
12,0.3,6,208.1806446797139,0.9984000000000002,0.9999894561311334
12,0.3,7,207.72446778443484,0.9982999999999999,0.9999938009205604
12,0.3,8,207.36990054018864,0.99835,0.9999923459092364
12,0.3,9,207.09258854496588,0.9984,0.9999839932368555
12,0.3,10,206.8357137044271,0.99835,0.9995348099267944
12,0.3,11,206.6375124819644,0.99835,0.967710330459689
12,0.3,12,206.4379261463612,0.9983000000000001,0.9428544817036493
12,0.3,13,206.2771254530898,0.9983000000000001,0.9043113695938868
12,0.3,14,206.13611568416562,0.9983500000000001,0.9062732401913693
12,0.4,0,201.54984111933746,0.9971,0.5393871176046291
12,0.4,1,197.92138624560926,0.99795,0.972295730293552
12,0.4,2,196.18131687844448,0.99825,0.9976333844913976
12,0.4,3,195.0954098960226,0.9982999999999999,0.9987645415594834
12,0.4,4,194.3217342879421,0.9984500000000001,0.9990086533053988
12,0.4,5,193.72623768887777,0.9984500000000001,0.9988514340364726
12,0.4,6,193.26503605805627,0.9986,0.9977015165444063
12,0.4,7,192.924293577209,0.9986500000000001,0.9928356276401269
12,0.4,8,192.63276530421058,0.9986,0.9616315835592132
12,0.4,9,192.40191413820253,0.9984500000000001,0.9179654670863056
12,0.4,10,192.19787656798843,0.9984,0.902665956105582
12,0.4,11,192.01823011294815,0.9984500000000001,0.7828850380766778
12,0.4,12,191.8757527669271,0.99855,0.628428617261425
12,0.4,13,191.73991808041123,0.9985000000000002,0.5786884258048612
12,0.4,14,191.61533207856408,0.99855,0.5848411031197871
12,0.5,0,185.1345725426307,0.99785,0.22325581759585794
12,0.5,1,181.90589630909454,0.99825,0.6399178816688641
12,0.5,2,180.53496130918845,0.9982500000000002,0.8601727885919606
12,0.5,3,179.69696592673276,0.9984500000000001,0.9254204481429869
12,0.5,4,179.09150509956555,0.9985500000000002,0.9461704034718628
12,0.5,5,178.64824862357898,0.9986500000000001,0.9330618326267156
12,0.5,6,178.28099314371744,0.9986500000000001,0.8472366785037175
12,0.5,7,178.015992189065,0.9987,0.6923966170840079
12,0.5,8,177.77407680413663,0.9988000000000001,0.6065467906637642
12,0.5,9,177.57748012053662,0.9987,0.6014669273144921
12,0.5,10,177.40812448354868,0.9986,0.5915286015718744
12,0.5,11,177.24716411492764,0.9986,0.5850430279510833
12,0.5,12,177.12454477945963,0.9987000000000001,0.590452550412492
12,0.5,13,177.00107955932617,0.9987000000000001,0.5914220564687996
12,0.5,14,176.8854582370856,0.9985000000000002,0.5924531389495444
12,1.0,0,100.25649427756285,0.95685,7.406220230859803e-05
12,1.0,1,100.35741414779272,0.9590500000000001,4.587540671459957e-05
12,1.0,2,100.42415814521985,0.9616499999999999,4.6620711918758704e-05
12,1.0,3,100.47097064287235,0.9631500000000001,5.688066678539894e-05
12,1.0,4,100.52155137673402,0.9648999999999999,5.5144506870856816e-05
12,1.0,5,100.56892297206781,0.9676500000000001,6.321311071943799e-05
12,1.0,6,100.60994202051407,0.9676499999999999,8.165506930328669e-05
12,1.0,7,100.63037363688152,0.9689,9.245753420635434e-05
12,1.0,8,100.69132575010642,0.9705999999999999,0.0005797063062007632
12,1.0,9,100.70282354110327,0.9724,0.001641245448686845
12,1.0,10,100.71265157063802,0.9734,0.0158193077306044
12,1.0,11,100.72894688141652,0.97545,0.021400455300971764
12,1.0,12,100.74380160600711,0.977,0.01575915145605071
12,1.0,13,100.77534680488782,0.9773,0.011896196119151036
12,1.0,14,100.7997678120931,0.9783,0.005375937455802284
13,0.0,0,266.3587797116011,0.9902,0.9728324453871212
13,0.0,1,258.68021686260516,0.9923,0.9987017041261238
13,0.0,2,254.90875322390826,0.99325,0.999986026966609
13,0.0,3,252.4684072641226,0.9931000000000001,0.9999996523190402
13,0.0,4,250.70148565830328,0.99315,0.999999908186445
13,0.0,5,249.39622947497244,0.9937000000000001,0.9999999318545745
13,0.0,6,248.39064201941858,0.9938499999999999,0.9999999109200376
13,0.0,7,247.57766704070264,0.9939,0.999999870571572
13,0.0,8,246.93547703669623,0.99375,0.9999998031090845
13,0.0,9,246.4353494888697,0.994,0.9999997465162297
13,0.0,10,246.00597635904947,0.9941000000000001,0.9999996144217854
13,0.0,11,245.65004006410257,0.9941500000000001,0.999999441741045
13,0.0,12,245.34338594094302,0.9942,0.9999993368038431
13,0.0,13,245.07779810978815,0.9944,0.9999993578012977
13,0.0,14,244.83853755853116,0.9945,0.999999076843607
13,0.2,0,234.15435432901188,0.9970500000000001,0.9152336734173397
13,0.2,1,228.6106421022999,0.9976,0.999657184765777
13,0.2,2,225.99382003472775,0.99825,0.99999325710562
13,0.2,3,224.35544944296078,0.99835,0.9999983538472295
13,0.2,4,223.22301981400472,0.99835,0.9999992017950663
13,0.2,5,222.36800088687818,0.9981500000000001,0.9999996042238584
13,0.2,6,221.71746997443998,0.998,0.9999997625598189
13,0.2,7,221.18870077327807,0.9980499999999999,0.9999997611008984
13,0.2,8,220.7666186897122,0.9980500000000001,0.9999994773430895
13,0.2,9,220.4082692983199,0.99795,0.9999991970209509
13,0.2,10,220.10428479253028,0.998,0.9999991991121208
13,0.2,11,219.83767653484733,0.9978999999999999,0.9999994794187965
13,0.2,12,219.63589337407325,0.99795,0.9999966930569155
13,0.2,13,219.45697659862284,0.99785,0.9999551466093378
13,0.2,14,219.30211312430245,0.99755,0.9998454882822443
13,0.3,0,218.49431355794272,0.99725,0.35781132224305556
13,0.3,1,213.88034373790293,0.9976499999999999,0.881050441973925
13,0.3,2,211.77754761292053,0.99795,0.9953835243255754
13,0.3,3,210.3964391484991,0.9981000000000002,0.9995115794928094
13,0.3,4,209.44054474701753,0.9982,0.9998948538004729
13,0.3,5,208.73233568346177,0.9984,0.9999628219057548
13,0.3,6,208.21287069234762,0.9982,0.9999834702316647
13,0.3,7,207.77386900755735,0.9981500000000001,0.9999913421882648
13,0.3,8,207.4465305912602,0.9981,0.9999913785877627
13,0.3,9,207.15155716629715,0.9981499999999999,0.9999793873785195
13,0.3,10,206.91581657340936,0.99795,0.999892480825833
13,0.3,11,206.71162112124333,0.9980499999999999,0.9998269318948633
13,0.3,12,206.54540974385029,0.9978999999999999,0.9954223240543927
13,0.3,13,206.3959395949905,0.9978,0.9825545487418976
13,0.3,14,206.27588358011332,0.9977500000000001,0.9818207819280476
13,0.4,0,201.1864637034808,0.9972999999999999,0.16687207206863405
13,0.4,1,197.70762243936227,0.99785,0.8019513938630104
13,0.4,2,196.08958943684897,0.998,0.9704593061622998
13,0.4,3,195.10639929956244,0.9981,0.9919702870625704
13,0.4,4,194.43045919255692,0.9983000000000001,0.9958477632187311
13,0.4,5,193.90259297688803,0.99855,0.9981131736218327
13,0.4,6,193.51251611044242,0.99855,0.997898961011484
13,0.4,7,193.177154777586,0.9984500000000001,0.9925577527990153
13,0.4,8,192.89965784826944,0.9980499999999999,0.9516522422854443
13,0.4,9,192.67269459805746,0.9976500000000001,0.9142954077509138
13,0.4,10,192.4935564144637,0.9974000000000001,0.8913945564800008
13,0.4,11,192.33595819990765,0.9971500000000001,0.8646529342804367
13,0.4,12,192.1628990469053,0.9971,0.8526768712739656
13,0.4,13,191.99938586331155,0.99705,0.8082293136962335
13,0.4,14,191.88935816565225,0.9970000000000001,0.7679782815982631
13,0.5,0,184.6837284381573,0.9972999999999999,0.005933017743223942
13,0.5,1,181.54460682013095,0.998,0.10202763770360454
13,0.5,2,180.20085545075244,0.9981500000000001,0.29602781696043834
13,0.5,3,179.3888014768943,0.9983000000000001,0.5299851761259498
13,0.5,4,178.80509244478665,0.9981500000000001,0.7258394757530132
13,0.5,5,178.3645145709698,0.99825,0.8053934165591463
13,0.5,6,178.03500268398187,0.99795,0.7848425657095304
13,0.5,7,177.7472426585662,0.9980500000000001,0.7146528213116173
13,0.5,8,177.5267357459435,0.998,0.7045965693138478
13,0.5,9,177.34117977435773,0.99785,0.7226064889978115
13,0.5,10,177.17552145933493,0.9974999999999999,0.7557122758744897
13,0.5,11,177.02396803635818,0.9974000000000001,0.8272207683910463
13,0.5,12,176.90228007389948,0.99705,0.8744416155587835
13,0.5,13,176.81255487295297,0.9968,0.8823296340208735
13,0.5,14,176.69535602667392,0.99665,0.8949437956144018
13,1.0,0,99.82698098207132,0.9691999999999998,0.0002055017933221455
13,1.0,1,99.70909490340796,0.96825,0.00013222882640091192
13,1.0,2,99.75931734916492,0.97075,0.00010148545292118861
13,1.0,3,99.81586426955003,0.9711000000000001,8.598411614933669e-05
13,1.0,4,99.8610467177171,0.9713,7.02462141787448e-05
13,1.0,5,99.90572474553035,0.97165,5.640566179120997e-05
13,1.0,6,99.96420542399089,0.9712999999999999,4.298642237199278e-05
13,1.0,7,99.98486318343726,0.9715999999999999,5.0287447162108185e-05
13,1.0,8,100.03166824732071,0.9713499999999999,0.00013357012380481312
13,1.0,9,100.07290600507687,0.9705999999999999,0.00033456815130235675
13,1.0,10,100.08433366433168,0.9692999999999999,0.0008285828109627801
13,1.0,11,100.11802223401192,0.96975,0.0013462358894711529
13,1.0,12,100.13574629563551,0.9701000000000001,0.001534657881908248
13,1.0,13,100.17563844338441,0.9695499999999999,0.002180149480483759
13,1.0,14,100.2069456638434,0.9696999999999999,0.0038514156452098343
14,0.0,0,266.76910106952374,0.9914,0.9864979978131589
14,0.0,1,258.7967580159505,0.99315,0.9996645173859665
14,0.0,2,254.72769243289264,0.9937999999999999,0.9999939676782308
14,0.0,3,252.1940243060772,0.9941000000000001,0.9999983661552533
14,0.0,4,250.44120338635568,0.9943500000000001,0.9999978739393817
14,0.0,5,249.12625063382663,0.9945,0.999995978824006
14,0.0,6,248.0811309814453,0.9949,0.9999913751877675
14,0.0,7,247.29973895733173,0.9949,0.9999881958532852
14,0.0,8,246.67299671662158,0.9948500000000001,0.9999776248524443
14,0.0,9,246.17047040890424,0.9945999999999999,0.999969299477078
14,0.0,10,245.7584025065104,0.9945499999999999,0.9999636907791722
14,0.0,11,245.4243412506886,0.9946000000000002,0.9999562340447015
14,0.0,12,245.1439435909956,0.9945499999999999,0.9999536878541344
14,0.0,13,244.91525151179388,0.9943500000000001,0.999965460090097
14,0.0,14,244.71137491861978,0.9937999999999999,0.9999658610640478
14,0.2,0,234.27541553730867,0.9976499999999999,0.989307221428402
14,0.2,1,228.75932514424227,0.9982,0.9996163456365695
14,0.2,2,225.9797853742327,0.9981500000000001,0.9999864695763777
14,0.2,3,224.27188219342912,0.99825,0.9999953808396024
14,0.2,4,223.1035556403958,0.99825,0.9999967515167738
14,0.2,5,222.25627291932398,0.9984500000000001,0.9999978680034594
14,0.2,6,221.602992155114,0.9989000000000001,0.9999984504467089
14,0.2,7,221.10164595623405,0.9987999999999999,0.9999986668727541
14,0.2,8,220.66976368183992,0.9989000000000001,0.9999988304305967
14,0.2,9,220.32941748171436,0.99875,0.9999987666549935
14,0.2,10,220.0410668509347,0.9985999999999999,0.9999985949382947
14,0.2,11,219.80291000677616,0.9986499999999999,0.9999893978538288
14,0.2,12,219.60252333660515,0.9988000000000001,0.981356834899153
14,0.2,13,219.45176105110014,0.9988000000000001,0.9463075664861441
14,0.2,14,219.2851082938058,0.9987999999999999,0.8913320184806817
14,0.3,0,218.8178020855328,0.9976499999999999,0.8186316580823529
14,0.3,1,213.89249633239197,0.99825,0.9949928883158616
14,0.3,2,211.62382603550816,0.99825,0.9994116146850263
14,0.3,3,210.20499550759254,0.9982,0.9998715670803331
14,0.3,4,209.25954595342412,0.9984999999999999,0.9999590996711709
14,0.3,5,208.59532069300747,0.9985000000000002,0.9999792899214222
14,0.3,6,208.07872572890273,0.9986,0.9999899089129437
14,0.3,7,207.69908678209458,0.9986500000000001,0.999993104755825
14,0.3,8,207.37099161233988,0.9987,0.9999932686088642
14,0.3,9,207.13658307049727,0.9987,0.9999842435387998
14,0.3,10,206.9279807150901,0.9986499999999999,0.9768596533620052
14,0.3,11,206.77473683400197,0.9987,0.9481745077274948
14,0.3,12,206.6290153984551,0.99855,0.9643492472661128
14,0.3,13,206.4839984790699,0.9986499999999999,0.9544188341404092
14,0.3,14,206.3864820325697,0.9986499999999999,0.9548721152729375
14,0.4,0,201.44963215672692,0.9979500000000001,0.2410494519642778
14,0.4,1,197.63078166163245,0.9982,0.8405008905000863
14,0.4,2,195.82173464279765,0.9982,0.9660042724661793
14,0.4,3,194.76409297026404,0.99825,0.9910388552756505
14,0.4,4,194.0243210903434,0.99835,0.9967639420637793
14,0.4,5,193.47853017407795,0.9984,0.9974609775831211
14,0.4,6,193.05756171174752,0.9985000000000002,0.9978948829224447
14,0.4,7,192.74398578969084,0.99855,0.9976489214013984
14,0.4,8,192.48497553389203,0.9986499999999999,0.994976173399014
14,0.4,9,192.288451202156,0.9986499999999999,0.9778145019061981
14,0.4,10,192.145989114924,0.9987,0.9481510308499735
14,0.4,11,192.02057109507479,0.9986500000000001,0.9240760036206205
14,0.4,12,191.94581533032795,0.9987,0.9019230105899563
14,0.4,13,191.87109528770742,0.9987,0.8889692304861996
14,0.4,14,191.84054317030797,0.9987999999999999,0.8820193442967664
14,0.5,0,184.41725080441205,0.9984999999999999,0.04485435703226692
14,0.5,1,181.47584778223282,0.9984,0.1961567068612424
14,0.5,2,180.11784059573444,0.9984999999999999,0.4991538374208501
14,0.5,3,179.23710153041742,0.99855,0.7788824711631012
14,0.5,4,178.66460467607547,0.9986500000000001,0.936879143807637
14,0.5,5,178.2504021082169,0.9987999999999999,0.9696358864934261
14,0.5,6,177.93406061025766,0.99885,0.9799329810030831
14,0.5,7,177.68851842635718,0.99875,0.9770856787294276
14,0.5,8,177.5053610190367,0.99885,0.9535230340468568
14,0.5,9,177.35182434473282,0.9989000000000001,0.8624341371490293
14,0.5,10,177.23060157971506,0.999,0.7525930805381424
14,0.5,11,177.10357274764624,0.9989000000000001,0.6623275134914703
14,0.5,12,177.01053003164438,0.9990500000000001,0.582765621895865
14,0.5,13,176.89480395194812,0.9990500000000001,0.5475912330802957
14,0.5,14,176.83118869096805,0.9991,0.5415159777521309
14,1.0,0,99.85010489439352,0.96735,3.9954808916715706e-05
14,1.0,1,99.95309487367288,0.96365,2.6522469971573253e-05
14,1.0,2,100.04621916550856,0.96485,2.4143523910026326e-05
14,1.0,3,100.12141839051858,0.96505,2.192234591152903e-05
14,1.0,4,100.19697864239032,0.9657499999999999,1.9929923158171944e-05
14,1.0,5,100.2237661312788,0.9660499999999999,2.0171800264291168e-05
14,1.0,6,100.30912536229843,0.9669000000000001,1.9286464411307274e-05
14,1.0,7,100.36762276673929,0.96685,2.036109748228693e-05
14,1.0,8,100.39918185503055,0.96775,2.36140243073597e-05
14,1.0,9,100.43305763831505,0.968,0.00018083102431581017
14,1.0,10,100.45102799244417,0.9682999999999999,0.004385779351585762
14,1.0,11,100.50215481489133,0.9686,0.016002469425080924
14,1.0,12,100.52229279738206,0.96935,0.027495749537574832
14,1.0,13,100.54637576372195,0.9696,0.031106222563943072
14,1.0,14,100.54124391995944,0.9699500000000001,0.01638238876365736
15,0.0,0,266.5033422616812,0.9942500000000001,0.9880833994176519
15,0.0,1,258.2380142211914,0.9942,0.9999158216469015
15,0.0,2,254.2537614871294,0.9924,0.9999974175922012
15,0.0,3,251.90697146684695,0.99215,0.9999987722064241
15,0.0,4,250.21274957901392,0.99215,0.9999988975820302
15,0.0,5,248.96823041866986,0.99225,0.999999126065844
15,0.0,6,247.98308661045172,0.9931000000000001,0.9999995020295944
15,0.0,7,247.21627866304837,0.9938500000000001,0.9999996745137113
15,0.0,8,246.60157149877304,0.9946999999999999,0.9999997798924797
15,0.0,9,246.0857217250726,0.9949,0.9999997872145884
15,0.0,10,245.6779305873773,0.99505,0.9999998082111249
15,0.0,11,245.35378910945013,0.99535,0.9999997868468524
15,0.0,12,245.05538255740436,0.99535,0.9999996577901684
15,0.0,13,244.81217154478415,0.99515,0.999999459177672
15,0.0,14,244.6086169511844,0.9953500000000002,0.9999994478944796
15,0.2,0,234.2438191005162,0.9967,0.8080427669163862
15,0.2,1,228.48073110775073,0.9976,0.9998419136343262
15,0.2,2,225.7544669326471,0.9974000000000001,0.9999965540432566
15,0.2,3,224.1154635682398,0.9972,0.9999992000284182
15,0.2,4,222.9921470174984,0.99695,0.9999995665715642
15,0.2,5,222.19132871043925,0.99665,0.9999997177902112
15,0.2,6,221.58487701416016,0.9968,0.9999997986038395
15,0.2,7,221.08365490971778,0.9964999999999999,0.999999831099728
15,0.2,8,220.69592689981266,0.9961499999999999,0.9999998649200601
15,0.2,9,220.35936176533602,0.9962,0.9999998698947419
15,0.2,10,220.0839934057119,0.9963000000000001,0.9999997698289671
15,0.2,11,219.85529778928174,0.9961499999999999,0.9999919416793335
15,0.2,12,219.66115819191447,0.9961500000000001,0.9999327756385017
15,0.2,13,219.48609877605827,0.9962,0.9998940606913866
15,0.2,14,219.3230022508271,0.99635,0.9989786549709814
15,0.3,0,218.4993383734076,0.99725,0.8593264454008399
15,0.3,1,213.7297280801309,0.99785,0.9784938933254986
15,0.3,2,211.57958695695206,0.9975000000000002,0.9984638080617244
15,0.3,3,210.29559876038147,0.9974000000000001,0.999649474776969
15,0.3,4,209.43523949975366,0.99735,0.9999199633969464
15,0.3,5,208.80379231770834,0.99705,0.9999679869619462
15,0.3,6,208.34496919099274,0.9971,0.999985443935645
15,0.3,7,207.93986951123486,0.99725,0.9999946940584619
15,0.3,8,207.62067543923317,0.9968999999999999,0.999994559109759
15,0.3,9,207.36945872263865,0.9968,0.9999959853197936
15,0.3,10,207.16293829840583,0.9966999999999999,0.9999955007387146
15,0.3,11,206.9864980336782,0.99665,0.999988490493007
15,0.3,12,206.8427739873663,0.9968499999999999,0.9833636317820608
15,0.3,13,206.71736474939294,0.9964999999999999,0.9758652006992892
15,0.3,14,206.59924646326013,0.9964500000000001,0.9972856387213564
15,0.4,0,201.2416244625121,0.99725,0.4313242645409497
15,0.4,1,197.62681331190953,0.9981,0.8012705636410883
15,0.4,2,195.9327814856241,0.9977499999999999,0.9642436403043398
15,0.4,3,194.94458563752877,0.9972999999999999,0.9894213881298635
15,0.4,4,194.29096641836242,0.99705,0.9937682445299508
15,0.4,5,193.77831629080364,0.9971,0.9925769648015088
15,0.4,6,193.42384326550388,0.9971,0.9905007015346978
15,0.4,7,193.11926872785702,0.9971500000000001,0.9794834406653724
15,0.4,8,192.90565407923026,0.9971499999999999,0.952417355576522
15,0.4,9,192.6927260761113,0.9970000000000001,0.8723592771342907
15,0.4,10,192.50469367448673,0.9970500000000001,0.7902077888660743
15,0.4,11,192.3163649684699,0.9971,0.7412560520554544
15,0.4,12,192.15682723171028,0.9970000000000001,0.716585161786598
15,0.4,13,192.02405376582183,0.99705,0.7274741601691075
15,0.4,14,191.92778050622275,0.9968999999999999,0.7876849730605356
15,0.5,0,184.51292292277017,0.998,0.07681135611164959
15,0.5,1,181.4207377311511,0.9980499999999999,0.16014245706515343
15,0.5,2,180.11165658021585,0.9979000000000001,0.33086148188453707
15,0.5,3,179.32156802446414,0.99785,0.4866567459872406
15,0.5,4,178.7675950466058,0.99785,0.6105494384893563
15,0.5,5,178.38423234988483,0.9976500000000001,0.6837540889833006
15,0.5,6,178.06529196714743,0.9974500000000001,0.7464067853297399
15,0.5,7,177.8146629333496,0.9977,0.814280437709107
15,0.5,8,177.6251290150178,0.9975999999999999,0.8031190454459122
15,0.5,9,177.4435728024214,0.9976499999999999,0.7849414449649597
15,0.5,10,177.3131235562838,0.9976500000000001,0.7060312083416223
15,0.5,11,177.16190162071814,0.9977500000000001,0.6811583877563936
15,0.5,12,177.03954706436548,0.9976499999999999,0.6653940009525273
15,0.5,13,176.9299271412385,0.9977499999999999,0.6470072442317928
15,0.5,14,176.84411728687775,0.9977499999999999,0.6256150877597042
15,1.0,0,99.99633075029422,0.96735,1.6801271490207283e-05
15,1.0,1,99.88295335036058,0.9689499999999999,2.1782610102529047e-05
15,1.0,2,99.9708597232134,0.9694499999999999,2.292342649153631e-05
15,1.0,3,100.03621634458884,0.97,2.3841805922668707e-05
15,1.0,4,100.09958365024664,0.97095,2.3293664869732168e-05
15,1.0,5,100.14728135329027,0.9713,2.4162007727450953e-05
15,1.0,6,100.20726531591171,0.9722500000000001,2.4731777610855828e-05
15,1.0,7,100.2445196494078,0.9727,2.95199167645809e-05
15,1.0,8,100.31289575038812,0.9734,0.0001053250878880708
15,1.0,9,100.33625529362605,0.9732000000000001,0.0001614854494872531
15,1.0,10,100.36125916701097,0.9736499999999999,0.0007692320125499532
15,1.0,11,100.40598649245042,0.9742999999999998,0.010082187969525718
15,1.0,12,100.4180285135905,0.9740499999999999,0.009486124706558043
15,1.0,13,100.43937702668019,0.97455,0.005341427956305326
15,1.0,14,100.46243393726839,0.97515,0.004222309989220171
1,0.0,0,266.12097813532904,0.9931000000000001,0.9856950892058561
1,0.0,1,258.09327912941956,0.9948499999999999,0.9998431633258898
1,0.0,2,254.12914510873648,0.9960000000000001,0.999995483877824
1,0.0,3,251.5743637084961,0.9960500000000001,0.99999895210437
1,0.0,4,249.8165999192458,0.9962499999999999,0.9999991627989584
1,0.0,5,248.54266670422678,0.9964000000000001,0.999999287651628
1,0.0,6,247.55203775259164,0.99665,0.9999991646753434
1,0.0,7,246.79125233185596,0.9964999999999999,0.9999992119690945
1,0.0,8,246.15960771609576,0.99655,0.9999991557737189
1,0.0,9,245.65498938927283,0.9964500000000001,0.999999272025326
1,0.0,10,245.2460174560547,0.9963,0.9999992360763207
1,0.0,11,244.8890873835637,0.9961500000000001,0.9999990388750021
1,0.0,12,244.60778026091748,0.9963000000000001,0.9999986543675808
1,0.0,13,244.3822739429963,0.99605,0.9999985755005384
1,0.0,14,244.18176602094601,0.9959,0.999943345122972
1,0.2,0,234.02208803137955,0.9968,0.9743048840962432
1,0.2,1,228.5264056458765,0.99745,0.998380123815773
1,0.2,2,225.69484321438537,0.9977499999999999,0.9998505599825805
1,0.2,3,223.94950415163623,0.9978999999999999,0.9999449145804501
1,0.2,4,222.73699515206474,0.9981500000000001,0.9999861235989527
1,0.2,5,221.83517440484493,0.99835,0.9999932347570785
1,0.2,6,221.16998540138712,0.99825,0.9999963780092
1,0.2,7,220.65001787458147,0.9981500000000001,0.9999953585394794
1,0.2,8,220.21895973049865,0.9983500000000001,0.9999921536524373
1,0.2,9,219.85960621736487,0.99825,0.999974206031708
1,0.2,10,219.57683500951651,0.9983000000000001,0.9994721563457428
1,0.2,11,219.34783686423788,0.9983500000000001,0.9847961835329844
1,0.2,12,219.12914961211536,0.99825,0.9523963562187564
1,0.2,13,218.94639213717713,0.99825,0.9242819459178984
1,0.2,14,218.80960830377072,0.9982,0.8777558832157875
1,0.3,0,218.6104447648332,0.9964500000000001,0.7530931016525458
1,0.3,1,213.91065429137635,0.9978999999999999,0.9829905723063045
1,0.3,2,211.61929898648648,0.9981,0.9941468517057831
1,0.3,3,210.15824862643404,0.9981,0.9979302063322084
1,0.3,4,209.15890310476493,0.9982500000000002,0.9986737184225123
1,0.3,5,208.4002871126742,0.99825,0.999550468515523
1,0.3,6,207.83955397047438,0.99835,0.999837796549935
1,0.3,7,207.3837182672174,0.9984500000000001,0.9999341641256697
1,0.3,8,207.03379505604238,0.9983000000000001,0.9999630077587138
1,0.3,9,206.74727142608918,0.99855,0.999961191322879
1,0.3,10,206.52194241360502,0.9984,0.999676850374082
1,0.3,11,206.30256061725788,0.9984500000000001,0.9832224797825374
1,0.3,12,206.10917636080904,0.9984999999999999,0.9585079265676246
1,0.3,13,205.94217290105047,0.99855,0.947807744497045
1,0.3,14,205.81077190777202,0.9984499999999998,0.9763347680533321
1,0.4,0,201.46548461914062,0.9974500000000001,0.08482220604150402
1,0.4,1,197.60569999753966,0.9977499999999999,0.3763095758300509
1,0.4,2,195.7475717234057,0.9981500000000001,0.7409602752560874
1,0.4,3,194.60670210963997,0.99855,0.9347160608569853
1,0.4,4,193.79394720506298,0.9986500000000001,0.9824214832213227
1,0.4,5,193.1941225510235,0.9988500000000002,0.9912665100583268
1,0.4,6,192.73677997441254,0.99875,0.9941453034265916
1,0.4,7,192.38750771219415,0.9989500000000001,0.995469592188884
1,0.4,8,192.06429556913153,0.9990500000000001,0.96522606154348
1,0.4,9,191.8510442925978,0.9991000000000001,0.8770411768787649
1,0.4,10,191.65538155016048,0.9993500000000001,0.8035661912950546
1,0.4,11,191.49596339972445,0.9994000000000002,0.7241829852932224
1,0.4,12,191.35794859893562,0.9994,0.7267512010682775
1,0.4,13,191.24699259913245,0.9994500000000001,0.7832480750582663
1,0.4,14,191.14870021139927,0.9994,0.7897448080209921
1,0.5,0,184.51922059670474,0.99725,0.009440438246690459
1,0.5,1,181.69610087076822,0.9980499999999999,0.046385038217350585
1,0.5,2,180.31765864445612,0.99855,0.14603129490477815
1,0.5,3,179.420108012664,0.9986,0.3431941823781789
1,0.5,4,178.76621813651843,0.9986499999999999,0.531690054114205
1,0.5,5,178.27293337308444,0.99885,0.7245918803001276
1,0.5,6,177.89161271315353,0.9989000000000001,0.8599059401845605
1,0.5,7,177.6008795713767,0.9989000000000001,0.8989700310729363
1,0.5,8,177.37722083849783,0.99895,0.8978156422641418
1,0.5,9,177.1890531686636,0.9991,0.8844967697452416
1,0.5,10,177.0250323368953,0.99915,0.8309123860447188
1,0.5,11,176.88962134336813,0.9992000000000001,0.7744751701277007
1,0.5,12,176.76740744175055,0.9992000000000001,0.6778833551917902
1,0.5,13,176.66307762341623,0.99925,0.60598902081636
1,0.5,14,176.56162927089593,0.99925,0.553807331682966
1,1.0,0,99.67033933981871,0.97305,2.912840915635208e-05
1,1.0,1,99.60890422723232,0.97435,4.2006693584635354e-05
1,1.0,2,99.70164059369992,0.97665,5.4517271036754665e-05
1,1.0,3,99.7455709408491,0.9774499999999999,5.941649175933214e-05
1,1.0,4,99.84276688404573,0.9778,6.0857987651336736e-05
1,1.0,5,99.91093405699118,0.9784,6.965117674207855e-05
1,1.0,6,99.96208102886493,0.978,8.608121473512408e-05
1,1.0,7,100.0087746840257,0.9784,0.00011691176616185676
1,1.0,8,100.04970452724359,0.9784499999999999,0.00016240654313341135
1,1.0,9,100.09583370502179,0.9782499999999998,0.0001995051288158386
1,1.0,10,100.13197072347005,0.9779,0.0002614700936129872
1,1.0,11,100.22241357656625,0.9775499999999999,0.0011459236881581352
1,1.0,12,100.22721344385391,0.977,0.009028629161440559
1,1.0,13,100.27876076331505,0.9765999999999998,0.013796584613189807
1,1.0,14,100.32053512181992,0.97615,0.027586263355534518
2,0.0,0,266.68138885498047,0.9906499999999999,0.9738281330829849
2,0.0,1,258.8002771230844,0.9922000000000001,0.998507931819154
2,0.0,2,254.8681849944286,0.9928000000000001,0.9999699907890622
2,0.0,3,252.58350685315256,0.9939,0.9999972853094785
2,0.0,4,250.81732881986179,0.99405,0.9999980001829796
2,0.0,5,249.44300372783954,0.9936,0.9999972553859083
2,0.0,6,248.42581978822366,0.9936499999999999,0.9999974450304807
2,0.0,7,247.6482671101888,0.9941000000000001,0.9999974238451756
2,0.0,8,246.99554325984076,0.9943,0.999997196161224
2,0.0,9,246.46585669884314,0.9945999999999999,0.9999969050707569
2,0.0,10,246.0114241379958,0.99495,0.999997115338957
2,0.0,11,245.64010972243088,0.9949999999999999,0.9999958147234416
2,0.0,12,245.31282493395682,0.9953000000000001,0.9999940843824761
2,0.0,13,245.03140884790665,0.9954500000000002,0.9999916935132567
2,0.0,14,244.8011781741411,0.99555,0.9999910310643871
2,0.2,0,234.5178185287787,0.9972000000000001,0.8824208738824227
2,0.2,1,229.11795028375118,0.9976,0.9983157019131802
2,0.2,2,226.54500252859933,0.9981500000000001,0.9999822565632738
2,0.2,3,224.88834894919881,0.99795,0.9999990693037893
2,0.2,4,223.72540983861808,0.9978,0.999999793356944
2,0.2,5,222.85488362215003,0.99785,0.9999999053111719
2,0.2,6,222.1658158594248,0.99785,0.999999953010385
2,0.2,7,221.6183582228057,0.9978,0.9999999472549044
2,0.2,8,221.17421317587093,0.99785,0.9999999672642715
2,0.2,9,220.7928535305724,0.99785,0.9999999609240308
2,0.2,10,220.4647487718232,0.9980499999999999,0.9999999619552513
2,0.2,11,220.19721751310388,0.9981,0.9999997562616573
2,0.2,12,219.9586619163046,0.9981,0.9999357970870025
2,0.2,13,219.7382497982103,0.9981500000000001,0.9832266165906356
2,0.2,14,219.56285764733138,0.9981500000000001,0.9696573097261801
2,0.3,0,219.15522656140027,0.9972999999999999,0.6915721111609228
2,0.3,1,214.45841526340794,0.9977499999999999,0.9227354682117168
2,0.3,2,212.3269267039256,0.99785,0.9945440189753497
2,0.3,3,210.9465426883182,0.9977500000000001,0.9993534807142745
2,0.3,4,209.97821058668532,0.99795,0.9998627488406039
2,0.3,5,209.25829500765414,0.998,0.99997459101487
2,0.3,6,208.69654626244898,0.9978999999999999,0.9999958750824272
2,0.3,7,208.2501828305356,0.9979000000000001,0.9999986449363091
2,0.3,8,207.88493099728146,0.998,0.9999994979974128
2,0.3,9,207.59484107215124,0.9981500000000001,0.9999997255853944
2,0.3,10,207.34269343195734,0.9983000000000001,0.999999711423007
2,0.3,11,207.10532014863986,0.9981500000000001,0.9999623969384667
2,0.3,12,206.89366631035332,0.9981,0.9730979993912525
2,0.3,13,206.72479605459952,0.9980500000000001,0.9647611073713747
2,0.3,14,206.57592567237648,0.9980500000000001,0.9780870200360134
2,0.4,0,201.81874604927478,0.9972,0.10783081209374157
2,0.4,1,198.189163326293,0.9979500000000001,0.27370693376790123
2,0.4,2,196.44012593114098,0.9979000000000001,0.6519620413041934
2,0.4,3,195.3524452623471,0.9977499999999999,0.9248791843044493
2,0.4,4,194.5937387629073,0.9978499999999999,0.9857392188108108
2,0.4,5,194.03663966452427,0.9976499999999999,0.9947915610145264
2,0.4,6,193.5792826571206,0.9975999999999999,0.997903282374406
2,0.4,7,193.20401521431384,0.9975999999999999,0.998330941452998
2,0.4,8,192.91072780402132,0.9977,0.9980856819685734
2,0.4,9,192.66663957935896,0.99785,0.9949615074798025
2,0.4,10,192.44341863587846,0.9977499999999999,0.9941566100448983
2,0.4,11,192.2491657345794,0.99795,0.9967599358848797
2,0.4,12,192.09595152389173,0.9979000000000001,0.997677825417514
2,0.4,13,191.94521420501,0.9979000000000001,0.9970136680788702
2,0.4,14,191.81180306368097,0.9979000000000001,0.9964107989130532
2,0.5,0,184.93560262826773,0.9974999999999999,0.005464488390692886
2,0.5,1,181.98452142568735,0.998,0.06776819288572028
2,0.5,2,180.70226483467297,0.9981,0.179395540652466
2,0.5,3,179.9227397625263,0.9981,0.4008283448065418
2,0.5,4,179.3963974194649,0.99825,0.6821514622034907
2,0.5,5,178.96734716953375,0.99825,0.801431609667692
2,0.5,6,178.60660738822742,0.9981,0.9039034478685811
2,0.5,7,178.3164310944386,0.9981500000000001,0.9350506554500243
2,0.5,8,178.0921937991411,0.9982,0.9071354343179835
2,0.5,9,177.9182750017215,0.99825,0.8769673744417757
2,0.5,10,177.72030708117362,0.9983000000000001,0.8563307941889201
2,0.5,11,177.56575462145682,0.9984,0.8224977472331445
2,0.5,12,177.4204637576372,0.9983500000000001,0.8187446695090373
2,0.5,13,177.31922355064978,0.9983000000000001,0.7750100833974233
2,0.5,14,177.17694463485327,0.99835,0.7241331819595911
2,1.0,0,100.15672223995894,0.96045,6.777414447113317e-05
2,1.0,1,100.16990025838216,0.96265,5.5497209195888206e-05
2,1.0,2,100.24619635557517,0.9641,4.1269196122269725e-05
2,1.0,3,100.33808194673978,0.9648,3.703403431037441e-05
2,1.0,4,100.37709505130083,0.9654,3.8100650150490964e-05
2,1.0,5,100.40959235949394,0.96595,4.0754059449015016e-05
2,1.0,6,100.44400210258289,0.9662000000000001,4.581078646205011e-05
2,1.0,7,100.48671057285407,0.9663999999999999,4.211525476574354e-05
2,1.0,8,100.51252932426257,0.96655,5.508893620319169e-05
2,1.0,9,100.53972958295773,0.9666,0.00016770196431560016
2,1.0,10,100.56763575627254,0.9661500000000001,0.00020312948775911237
2,1.0,11,100.5821174230331,0.9665000000000001,0.0029427418606098117
2,1.0,12,100.57877437884991,0.9659500000000001,0.013562211261878595
2,1.0,13,100.59819793701172,0.9662499999999999,0.006306297686986569
2,1.0,14,100.60398571307843,0.96635,0.005388861427976643
3,0.0,0,266.4364191691081,0.9903000000000001,0.9951621312295647
3,0.0,1,258.51195271809894,0.9943,0.9999866153082657
3,0.0,2,254.5777280758589,0.9949,0.9999998949090824
3,0.0,3,252.19536825326773,0.9952,0.9999999642070508
3,0.0,4,250.53434362166968,0.99515,0.9999999626350019
3,0.0,5,249.29962608141776,0.99505,0.9999999372099676
3,0.0,6,248.35504482953976,0.9954000000000001,0.9999999241692819
3,0.0,7,247.62006202110877,0.99535,0.9999999055100084
3,0.0,8,247.05932206373947,0.9955,0.9999999068733118
3,0.0,9,246.57876704289362,0.9954000000000001,0.9999999253403669
3,0.0,10,246.18731885078626,0.9952,0.9999999337127974
3,0.0,11,245.86513890975561,0.9952500000000001,0.9999999187835718
3,0.0,12,245.5894511296199,0.9954000000000001,0.999999891008461
3,0.0,13,245.37425701434796,0.9951000000000001,0.9999996747165869
3,0.0,14,245.16917438996143,0.9952,0.9999964230983888
3,0.2,0,234.51772464051538,0.99855,0.9979855423366258
3,0.2,1,229.2568902774733,0.9984,0.9999954681234581
3,0.2,2,226.48527402293925,0.9984,0.999999759583803
3,0.2,3,224.81720718072384,0.99885,0.999999946233033
3,0.2,4,223.62228876230668,0.99875,0.999999977865367
3,0.2,5,222.74177971664741,0.9987,0.9999999892544204
3,0.2,6,222.03265692263233,0.9986499999999999,0.999999994091869
3,0.2,7,221.46439019028023,0.9987,0.9999999965452212
3,0.2,8,220.99989583540935,0.9987,0.9999999971479624
3,0.2,9,220.61552896305005,0.9986,0.9999999966614894
3,0.2,10,220.2933407219089,0.9984500000000001,0.9999999893873553
3,0.2,11,220.01909699731942,0.9984500000000001,0.9999999138525052
3,0.2,12,219.77775558160275,0.9984500000000001,0.9999996063976198
3,0.2,13,219.58556833072583,0.9984500000000001,0.999999367112416
3,0.2,14,219.41495280363122,0.9985000000000002,0.9999952972379628
3,0.3,0,218.90135454057574,0.9984,0.9971994089488733
3,0.3,1,214.34178161621094,0.9986499999999999,0.9999096510367479
3,0.3,2,212.1648703910209,0.9987,0.9999821468446666
3,0.3,3,210.7935613683752,0.9984999999999999,0.9999939854784454
3,0.3,4,209.81804168976106,0.9985000000000002,0.9999969278965444
3,0.3,5,209.06524438256616,0.9983500000000001,0.9999979370594416
3,0.3,6,208.4769860344964,0.9982000000000001,0.9999990941427327
3,0.3,7,208.01347103634396,0.9981500000000001,0.9999994371976375
3,0.3,8,207.6370056427277,0.998,0.9999995568806506
3,0.3,9,207.31797708047404,0.998,0.999999377099402
3,0.3,10,207.0517453030423,0.99795,0.9999976773224023
3,0.3,11,206.83202423920503,0.9978,0.9999741791333472
3,0.3,12,206.6364522023244,0.9978,0.9963387408982098
3,0.3,13,206.4690696097709,0.998,0.9951134268749369
3,0.3,14,206.30453243771115,0.9980499999999999,0.9762083981343785
3,0.4,0,201.77405873379965,0.9984999999999999,0.6972160981930354
3,0.4,1,198.08099116835484,0.99885,0.9864374828564791
3,0.4,2,196.35970643509265,0.9987,0.9972468571361446
3,0.4,3,195.2601642460786,0.9984500000000001,0.9992150814082582
3,0.4,4,194.49725945051327,0.9986,0.999651292700914
3,0.4,5,193.94518912855045,0.9985999999999999,0.9997553733492327
3,0.4,6,193.5106798512067,0.99875,0.9997062054615294
3,0.4,7,193.15849398827368,0.9987499999999999,0.9981575476182807
3,0.4,8,192.87397576856984,0.99855,0.9123463473120389
3,0.4,9,192.62352451058322,0.9985999999999999,0.6876416712878427
3,0.4,10,192.37019667514534,0.9986499999999999,0.5540829104761402
3,0.4,11,192.17495703882025,0.9987,0.5289945908191042
3,0.4,12,192.01922690221505,0.9986499999999999,0.6228721302857866
3,0.4,13,191.85668058173601,0.99875,0.6859290553934723
3,0.4,14,191.73483997906825,0.99885,0.7299980080517675
3,0.5,0,184.99241178463666,0.9984500000000001,0.33263735465265554
3,0.5,1,181.83538505358572,0.99825,0.7184491641599495
3,0.5,2,180.50374446771085,0.99825,0.9212911921423081
3,0.5,3,179.68946388440256,0.9981,0.9757834662639925
3,0.5,4,179.09689986400116,0.99795,0.991326898589162
3,0.5,5,178.6578270349747,0.99785,0.9960418455086112
3,0.5,6,178.30853985517453,0.99795,0.9976584415475813
3,0.5,7,178.04270162337866,0.9978999999999999,0.9963715576665397
3,0.5,8,177.8173907353328,0.998,0.9755189192029068
3,0.5,9,177.64051104814578,0.9979500000000001,0.9519757425883341
3,0.5,10,177.48038707635342,0.9979500000000001,0.9317159433465321
3,0.5,11,177.33302463629306,0.9979500000000001,0.9022830695303891
3,0.5,12,177.22071251502405,0.9978,0.8365141757675223
3,0.5,13,177.1116469945663,0.9978,0.8102808175148323
3,0.5,14,177.01784143692407,0.99785,0.8127026879504609
3,1.0,0,100.12076089321039,0.9785999999999999,1.477871033924753e-05
3,1.0,1,100.03963607396835,0.97815,1.6029864817180113e-05
3,1.0,2,100.10936424059746,0.97685,1.546483975049763e-05
3,1.0,3,100.16346564659706,0.9765999999999998,1.807241216745207e-05
3,1.0,4,100.21846634302383,0.9769500000000001,2.012859724762821e-05
3,1.0,5,100.26193110148112,0.977,2.1971749464613383e-05
3,1.0,6,100.30857506776468,0.9770999999999999,2.895862221924102e-05
3,1.0,7,100.35898237961989,0.9763999999999999,5.016351419326232e-05
3,1.0,8,100.39145102867714,0.9766999999999999,9.006346741320689e-05
3,1.0,9,100.40725668882712,0.97685,0.0001319007247892415
3,1.0,10,100.43401248638446,0.97645,0.0015613706675127238
3,1.0,11,100.46314924191206,0.9763,0.0016901743196337886
3,1.0,12,100.49710542727739,0.9765499999999999,0.0013947381744338686
3,1.0,13,100.52122125870142,0.9768000000000001,0.003229266634980715
3,1.0,14,100.53318835527469,0.97705,0.0011447449238737204
4,0.0,0,266.5273451193785,0.99375,0.9877483804682795
4,0.0,1,258.5967630239633,0.9942,0.9999219030265046
4,0.0,2,254.51220135811047,0.9948500000000001,0.9999966395116703
4,0.0,3,252.05062611897787,0.99475,0.999998612145399
4,0.0,4,250.3858894935021,0.99465,0.9999991429461993
4,0.0,5,249.19462272448416,0.99445,0.9999994004056473
4,0.0,6,248.25027368007562,0.9942500000000001,0.9999994548083996
4,0.0,7,247.49098283816608,0.994,0.9999995058444935
4,0.0,8,246.87376208183093,0.9936,0.9999994308875312
4,0.0,9,246.36575219570062,0.99325,0.9999993844125292
4,0.0,10,245.9279783199995,0.99315,0.9999992595927868
4,0.0,11,245.58578256460336,0.9933,0.9999991843855135
4,0.0,12,245.3016085502429,0.9930999999999999,0.9999987256454337
4,0.0,13,245.03907247690054,0.9930999999999999,0.9999969098789137
4,0.0,14,244.81085674579327,0.99275,0.9999832223201414
4,0.2,0,234.49704041772958,0.99755,0.9793542158173105
4,0.2,1,228.75292641775948,0.9971499999999999,0.9996995307151243
4,0.2,2,226.106812613351,0.99785,0.9999877796581954
4,0.2,3,224.44403076171875,0.99825,0.9999971786031311
4,0.2,4,223.28398832982901,0.9984999999999999,0.9999988693810904
4,0.2,5,222.45512545838648,0.9986499999999999,0.9999994266061502
4,0.2,6,221.82454821528222,0.9987999999999999,0.9999996117767359
4,0.2,7,221.32733263288225,0.9989000000000001,0.9999997656037769
4,0.2,8,220.91500044842155,0.9987999999999999,0.999999762044337
4,0.2,9,220.5616279134945,0.99895,0.9999996530464432
4,0.2,10,220.30183208232023,0.9989000000000001,0.9999972788058714
4,0.2,11,220.0762607808016,0.99895,0.9998961933335018
4,0.2,12,219.83920474928252,0.9989000000000001,0.9930977552267625
4,0.2,13,219.66821678317322,0.9989000000000001,0.9779345893201783
4,0.2,14,219.48546429069674,0.9988000000000001,0.9440762722930568
4,0.3,0,219.00823369756475,0.9977,0.9570704660922907
4,0.3,1,214.17169313173036,0.9978,0.9919802851510839
4,0.3,2,211.93127482646221,0.9982,0.9990520230909147
4,0.3,3,210.53820787034593,0.9982999999999999,0.9997603803581607
4,0.3,4,209.58972896541562,0.99825,0.9999044873037233
4,0.3,5,208.8931323902027,0.9984,0.9999636927754109
4,0.3,6,208.3603679210216,0.9985999999999999,0.999985988593263
4,0.3,7,207.9357064736856,0.9984999999999999,0.99999277328997
4,0.3,8,207.59953418078723,0.9981,0.9999937215447285
4,0.3,9,207.3325078465917,0.9984,0.9999933775955715
4,0.3,10,207.09616583746833,0.99825,0.999980698841574
4,0.3,11,206.92580750611452,0.9984500000000001,0.9980396343537628
4,0.3,12,206.73963529569608,0.9984999999999999,0.924975663168443
4,0.3,13,206.60338778109164,0.9987,0.8715997271620134
4,0.3,14,206.47889338312922,0.99875,0.851527296191361
4,0.4,0,201.79134209211483,0.99785,0.6954064637208942
4,0.4,1,198.0903927115507,0.99825,0.9310795996351097
4,0.4,2,196.32665637112405,0.9985500000000002,0.9900996682299017
4,0.4,3,195.21825272907583,0.9987999999999999,0.9972588043613198
4,0.4,4,194.43691401518592,0.999,0.9991476760712342
4,0.4,5,193.8499386809593,0.999,0.9996700280767385
4,0.4,6,193.44038284656614,0.9990500000000001,0.999846129228933
4,0.4,7,193.04040101517077,0.9991,0.9998721820036994
4,0.4,8,192.73525161151738,0.9990500000000001,0.9990296077528249
4,0.4,9,192.50046923733498,0.99915,0.9952542239965501
4,0.4,10,192.28951091914215,0.99915,0.9842096634919608
4,0.4,11,192.11629574797874,0.9991,0.9382327783185614
4,0.4,12,191.95181156128876,0.99915,0.9170910709254183
4,0.4,13,191.81961509054022,0.99915,0.8575757140391893
4,0.4,14,191.715498813363,0.99915,0.8120517276572201
4,0.5,0,184.83032236343774,0.9980499999999999,0.10803031909606167
4,0.5,1,181.83759092673276,0.9982000000000001,0.4460593300836864
4,0.5,2,180.48566935612604,0.9981499999999999,0.6917284357165415
4,0.5,3,179.6394555507562,0.9983000000000001,0.8023549261989097
4,0.5,4,179.06683897360776,0.99825,0.8471803744322136
4,0.5,5,178.63448177239835,0.9982500000000002,0.8557626853868394
4,0.5,6,178.27196590717023,0.9981500000000001,0.8499835313422
4,0.5,7,178.01870483007187,0.9981,0.7309161922606316
4,0.5,8,177.80743046295947,0.9981500000000001,0.5921853189741418
4,0.5,9,177.62824063423352,0.9983000000000001,0.4819199802193564
4,0.5,10,177.47757916572766,0.9981500000000001,0.4301548814453669
4,0.5,11,177.3901361318735,0.9981500000000001,0.374357774850944
4,0.5,12,177.29916675274188,0.9982,0.39053772211972243
4,0.5,13,177.20779986259265,0.99825,0.48389306594591425
4,0.5,14,177.10937959719928,0.9980500000000001,0.5696814438956385
4,1.0,0,100.33706264006786,0.9675,0.00019018889095340696
4,1.0,1,100.37809078509991,0.9652499999999999,0.00029337284617107605
4,1.0,2,100.45492426554362,0.9661,0.0003091043927343612
4,1.0,3,100.52662511972281,0.96675,0.0002968559370981955
4,1.0,4,100.60242530627129,0.9662500000000002,0.000306094498050987
4,1.0,5,100.64580193544046,0.96675,0.00031175304595651345
4,1.0,6,100.6735833974985,0.967,0.00035911212338572766
4,1.0,7,100.7181392571865,0.9667999999999999,0.00035496379367592134
4,1.0,8,100.74642504178561,0.96545,0.00041534963558489507
4,1.0,9,100.77692012297801,0.96585,0.0009495942871399472
4,1.0,10,100.82069690410907,0.9652000000000001,0.002176344265637308
4,1.0,11,100.84437678410457,0.9651,0.0052222981714449175
4,1.0,12,100.88048484997871,0.9648499999999999,0.006225897741870239
4,1.0,13,100.89611317561223,0.9650500000000001,0.005818530605064314
4,1.0,14,100.92134749583708,0.9652499999999999,0.0040261295463829136
5,0.0,0,266.1932860154372,0.9927000000000001,0.990479909893583
5,0.0,1,257.66197908841644,0.99365,0.9999149405605247
5,0.0,2,253.7565413254958,0.99285,0.9999920894870936
5,0.0,3,251.34186495267429,0.9919499999999999,0.999997515875651
5,0.0,4,249.6141860179412,0.9910499999999999,0.9999961058085066
5,0.0,5,248.3415779700646,0.9905999999999999,0.9999941598808642
5,0.0,6,247.3666782868214,0.9904999999999999,0.9999917011748449
5,0.0,7,246.60323196802383,0.99075,0.9999913687991762
5,0.0,8,246.00357681665665,0.99125,0.9999919409236777
5,0.0,9,245.52013358091696,0.9917,0.9999916631464374
5,0.0,10,245.1340058155549,0.9917999999999999,0.9999935412685697
5,0.0,11,244.8161401993189,0.992,0.9999902807587467
5,0.0,12,244.57200094369742,0.99215,0.9999870570741591
5,0.0,13,244.34856727795724,0.9925999999999998,0.9999691982040675
5,0.0,14,244.16907462095602,0.99265,0.9840910936799029
5,0.2,0,234.15585731973454,0.9977500000000001,0.666234187708112
5,0.2,1,228.52683289197026,0.9982,0.9996264819430276
5,0.2,2,225.82112557547433,0.9981000000000002,0.9999771470751581
5,0.2,3,224.1111602783203,0.9983000000000001,0.9999959015900656
5,0.2,4,222.9198499407087,0.9981500000000001,0.9999982534697942
5,0.2,5,222.05158545046436,0.9981,0.9999990014122276
5,0.2,6,221.35277977768257,0.9980499999999999,0.9999991876993223
5,0.2,7,220.85376225685587,0.99795,0.9999995569672837
5,0.2,8,220.39956088941923,0.9978000000000001,0.9999995444140513
5,0.2,9,220.054515916474,0.9978,0.9999996321590422
5,0.2,10,219.755437111368,0.9978999999999999,0.9999996897024803
5,0.2,11,219.54697231370577,0.9978999999999999,0.9999993418886165
5,0.2,12,219.33303101208745,0.9978999999999999,0.9999965292468125
5,0.2,13,219.14714704241072,0.99785,0.9999839205464736
5,0.2,14,219.02073825135523,0.9977499999999999,0.9999580071896257
5,0.3,0,218.5853620649458,0.9980500000000001,0.4846203538288328
5,0.3,1,213.61707546474696,0.9984,0.9871017784365071
5,0.3,2,211.4224094700169,0.99875,0.9986274460258862
5,0.3,3,210.0259983646977,0.9984999999999999,0.9997292241186893
5,0.3,4,208.9870074847797,0.99855,0.9999136874396279
5,0.3,5,208.2168206567163,0.9983000000000001,0.9999753604143616
5,0.3,6,207.61613753035263,0.9983500000000001,0.999989887062425
5,0.3,7,207.17727894825978,0.9983000000000001,0.9999934201590811
5,0.3,8,206.81765898283538,0.9982,0.9999654848499813
5,0.3,9,206.54575904639992,0.9981500000000001,0.9606035567471067
5,0.3,10,206.3317840851105,0.9981500000000001,0.919474539963705
5,0.3,11,206.14247749947214,0.9981,0.8890160778526629
5,0.3,12,205.9816730946034,0.99795,0.8546493535398884
5,0.3,13,205.8703573415945,0.9978999999999999,0.8406268335524074
5,0.3,14,205.7829719062324,0.99795,0.8406445998596676
5,0.4,0,201.2225499116173,0.9983000000000001,0.23476898335305577
5,0.4,1,197.46958473856134,0.9984,0.5592329093709467
5,0.4,2,195.64280842625817,0.9984500000000001,0.8710194308998399
5,0.4,3,194.51457486411397,0.99825,0.9710087261104159
5,0.4,4,193.72662897627484,0.9982,0.9923818334327155
5,0.4,5,193.14517448484435,0.9982,0.9955012090726288
5,0.4,6,192.6807886168014,0.99835,0.9954292152544206
5,0.4,7,192.31267044895378,0.9984,0.9945459454809743
5,0.4,8,192.0046685980272,0.9983000000000001,0.9580536883695185
5,0.4,9,191.7419370902601,0.99825,0.8769526021774466
5,0.4,10,191.54812350014384,0.9982999999999999,0.7522787468545122
5,0.4,11,191.4025210594946,0.9984,0.6091134765160343
5,0.4,12,191.2503944810971,0.99825,0.5727266946082665
5,0.4,13,191.1273107011189,0.9982500000000002,0.5454548182666978
5,0.4,14,191.00974800050722,0.99825,0.5759095592214624
5,0.5,0,184.3487921494704,0.9982,0.07624459366306441
5,0.5,1,181.29419845189804,0.9988500000000002,0.24662781302952105
5,0.5,2,179.9084616440993,0.9986499999999999,0.4961850189233213
5,0.5,3,179.04316603831757,0.99835,0.7483638874472296
5,0.5,4,178.450746682974,0.9986,0.8891713926510644
5,0.5,5,178.004512102176,0.9987499999999999,0.9451192743077736
5,0.5,6,177.65687101315228,0.999,0.9572032329670457
5,0.5,7,177.3774285927797,0.99895,0.9694396386841001
5,0.5,8,177.15267103146283,0.9989500000000001,0.9812107392705132
5,0.5,9,176.95229408068533,0.99885,0.9557074011603387
5,0.5,10,176.78247138781424,0.99885,0.9050338759078187
5,0.5,11,176.63514611659906,0.999,0.8224063419178672
5,0.5,12,176.51943079630533,0.9989000000000001,0.7515886628652538
5,0.5,13,176.42959643632938,0.999,0.6767995559090145
5,0.5,14,176.34521914751102,0.9990500000000001,0.6101840541309946
5,1.0,0,100.04714740850987,0.9574,0.00010253191729640825
5,1.0,1,99.78715642293294,0.95915,0.00011273262991214774
5,1.0,2,99.86151465391501,0.9593999999999999,0.00010128244702006564
5,1.0,3,99.91873296101888,0.9609499999999999,9.447737756208912e-05
5,1.0,4,99.97755901630109,0.9619500000000001,9.654070352819655e-05
5,1.0,5,100.0505140255659,0.9625999999999999,8.383803011923231e-05
5,1.0,6,100.09278938097832,0.9628,8.80918330960354e-05
5,1.0,7,100.14412591396234,0.9637,0.00015098065388520292
5,1.0,8,100.17729030511317,0.9646000000000001,0.0005498653287530996
5,1.0,9,100.22394424829727,0.9658,0.0033385766717436453
5,1.0,10,100.25725653232672,0.9653499999999999,0.00294523468203131
5,1.0,11,100.3004988645896,0.9658,0.001703617921805643
5,1.0,12,100.34064209766878,0.9663499999999999,0.0014542562787347188
5,1.0,13,100.36743594438602,0.9672499999999999,0.0009078818188641636
5,1.0,14,100.40525671151968,0.9678000000000001,0.0015613863473344816
6,0.0,0,263.20030662341,0.9881,0.9954325610578457
6,0.0,1,256.2298186864608,0.98905,0.9999994742365588
6,0.0,2,252.93890654735077,0.9913000000000001,0.9999999154592746
6,0.0,3,250.95480190179288,0.993,0.9999999469463592
6,0.0,4,249.587890625,0.9940000000000001,0.9999999629155564
6,0.0,5,248.4955307398087,0.9944,0.9999999668161327
6,0.0,6,247.63849189953928,0.99445,0.9999999681655363
6,0.0,7,246.969484769381,0.9944,0.999999970224467
6,0.0,8,246.4625944479918,0.9940999999999999,0.9999999595688237
6,0.0,9,246.03883948692908,0.9939,0.9999999506109172
6,0.0,10,245.71748880239633,0.9936999999999999,0.999999935638052
6,0.0,11,245.4213405511318,0.9936499999999999,0.9999999206721577
6,0.0,12,245.23104975773737,0.99315,0.9999998920927885
6,0.0,13,245.07245753361627,0.9926,0.999999839616456
6,0.0,14,244.95894701052936,0.9922000000000001,0.9999997283878511
6,0.2,0,233.01963915143693,0.9963000000000001,0.9983833826522889
6,0.2,1,227.7896770555146,0.9974500000000001,0.9999996558534071
6,0.2,2,225.43517303466797,0.99855,0.9999999293459128
6,0.2,3,223.90977789431201,0.9984999999999999,0.9999999607378203
6,0.2,4,222.85731085952446,0.9991,0.9999999663923761
6,0.2,5,222.09162030901228,0.9990500000000001,0.9999999881830176
6,0.2,6,221.53252006063656,0.9990500000000001,0.999999989194126
6,0.2,7,221.11906526526627,0.99915,0.9999999918055539
6,0.2,8,220.7931185352559,0.9993000000000001,0.9999999902303728
6,0.2,9,220.49665225282007,0.9992000000000001,0.9999999852223593
6,0.2,10,220.25771300646724,0.9990500000000001,0.9999999178710295
6,0.2,11,220.05147272226762,0.999,0.9999936260298187
6,0.2,12,219.87355399618343,0.999,0.9997442682070126
6,0.2,13,219.72837876300423,0.9989000000000001,0.999660703675346
6,0.2,14,219.57166881950533,0.9989000000000001,0.9986285193768558
6,0.3,0,217.684326171875,0.9968,0.9994357699881947
6,0.3,1,213.519953959697,0.9980500000000001,0.9999974231501613
6,0.3,2,211.50358072916666,0.9987999999999999,0.9999993718579605
6,0.3,3,210.2637348346882,0.9991,0.9999996117867713
6,0.3,4,209.42240630828582,0.9990500000000001,0.9999997975223478
6,0.3,5,208.80474990982194,0.9990500000000001,0.9999998673890871
6,0.3,6,208.3313367688978,0.9991,0.9999999190728686
6,0.3,7,207.96193454501866,0.99915,0.9999999259889507
6,0.3,8,207.65890255489865,0.9991,0.9999999126197316
6,0.3,9,207.43555663512635,0.9992000000000001,0.9999998334443815
6,0.3,10,207.23095703125,0.9990500000000001,0.9999996485035042
6,0.3,11,207.0494802663992,0.9990500000000001,0.9999985156066625
6,0.3,12,206.90041468164944,0.9988999999999999,0.9999965629762516
6,0.3,13,206.79049352697425,0.9987999999999999,0.9999207611929932
6,0.3,14,206.68698876183313,0.99885,0.9926672045820176
6,0.4,0,201.7384198802386,0.9974000000000001,0.9943340305012552
6,0.4,1,197.84846094412396,0.9983000000000001,0.9998329592757134
6,0.4,2,196.1529496067254,0.9987999999999999,0.9999398275639837
6,0.4,3,195.1504109700521,0.9992000000000001,0.9999692462148098
6,0.4,4,194.42732995794725,0.9992000000000001,0.9999772008682032
6,0.4,5,193.9043961162715,0.99925,0.9999834439332926
6,0.4,6,193.5179540353228,0.99925,0.9999800000813711
6,0.4,7,193.19646329657976,0.99925,0.9999705042514345
6,0.4,8,192.95761758966964,0.99915,0.9999398805879218
6,0.4,9,192.74794822515443,0.9991,0.9997514521301694
6,0.4,10,192.59933152309685,0.9991,0.9980814722094212
6,0.4,11,192.45617616638657,0.9991,0.9660243754292797
6,0.4,12,192.32528177897134,0.99885,0.8695271319013321
6,0.4,13,192.20818559513535,0.9987999999999999,0.7862924368077232
6,0.4,14,192.09485655792,0.9986500000000001,0.7405025343760683
6,0.5,0,185.00059528839893,0.9974500000000001,0.9495130468896424
6,0.5,1,182.32455111772586,0.99875,0.9834844204814374
6,0.5,2,181.0403676155286,0.9991,0.9922968231652401
6,0.5,3,180.21040784395657,0.9992500000000002,0.9943851183168589
6,0.5,4,179.63074141282303,0.9994500000000001,0.9970026280424327
6,0.5,5,179.21636376014123,0.9996500000000001,0.9970419174505603
6,0.5,6,178.91864228859927,0.9995,0.9959569849535451
6,0.5,7,178.6060410524026,0.9996,0.993582055091892
6,0.5,8,178.429567972819,0.9995499999999999,0.9937226877523794
6,0.5,9,178.2883241115472,0.9995499999999999,0.9942504616924259
6,0.5,10,178.11702297895383,0.9994500000000001,0.9887309974096848
6,0.5,11,177.93421045939127,0.9995,0.9596654949413396
6,0.5,12,177.8152853158804,0.9995499999999999,0.8683005645106705
6,0.5,13,177.69412143413837,0.9995,0.8442148885314315
6,0.5,14,177.58884596213315,0.9995499999999999,0.8331025846840532
6,1.0,0,102.20210236769456,0.9461499999999999,0.0001098035440982256
6,1.0,1,101.912049807035,0.94725,0.0001503533888391982
6,1.0,2,101.89536295181665,0.9481499999999998,0.00012233859565514524
6,1.0,3,101.86667447212415,0.9490000000000001,0.00011251840781438631
6,1.0,4,101.85885776617589,0.9503,9.382850018878755e-05
6,1.0,5,101.86579092954977,0.9509000000000001,9.211048982975634e-05
6,1.0,6,101.85791387313452,0.9507999999999999,9.109440027987356e-05
6,1.0,7,101.8661042237893,0.9507999999999999,9.328852133487007e-05
6,1.0,8,101.86638377262996,0.95175,8.820139744051904e-05
6,1.0,9,101.85675254234901,0.9530000000000001,7.884299230067643e-05
6,1.0,10,101.86828857813126,0.9532499999999999,7.683564255789474e-05
6,1.0,11,101.88082122802734,0.9541000000000001,7.712907698025794e-05
6,1.0,12,101.90984021700345,0.9547000000000001,0.00011006193226790509
6,1.0,13,101.91058701735277,0.9554,0.0002660488434747578
6,1.0,14,101.89638147598657,0.9557499999999999,0.0007516892140091402
7,0.0,0,266.55581528101214,0.99095,0.9755462154267784
7,0.0,1,258.3013755602714,0.9929499999999999,0.9993077814876333
7,0.0,2,254.15375029735077,0.9926999999999999,0.9999873130308994
7,0.0,3,251.6603751549354,0.9916,0.999998795197404
7,0.0,4,249.93319799961188,0.9915,0.9999995530381789
7,0.0,5,248.6955081255008,0.9916,0.9999997372310276
7,0.0,6,247.75074279002655,0.9916499999999999,0.9999997945471928
7,0.0,7,247.0159137432392,0.9917999999999999,0.9999998288915547
7,0.0,8,246.41540703406702,0.9911999999999999,0.999999797712506
7,0.0,9,245.92842884552783,0.99125,0.9999997701062358
7,0.0,10,245.51922881297577,0.9914,0.9999997224345838
7,0.0,11,245.18109287359775,0.992,0.999999535288624
7,0.0,12,244.89799616887018,0.99225,0.999998160208823
7,0.0,13,244.65933071038663,0.9925,0.9999787985692092
7,0.0,14,244.4528822287535,0.9923,0.9993506473012074
7,0.2,0,234.32771316839725,0.9967,0.9632269413806811
7,0.2,1,229.0014866420201,0.9973000000000001,0.9987767632880481
7,0.2,2,226.00820720439054,0.99755,0.9999468251591939
7,0.2,3,224.2757445354851,0.9979000000000001,0.9999866894749933
7,0.2,4,223.090178042042,0.9980500000000001,0.9999912810301133
7,0.2,5,222.2279202208227,0.9979000000000001,0.9999929684219969
7,0.2,6,221.55067303715919,0.9981,0.9999941112538306
7,0.2,7,221.01943175646724,0.9979000000000001,0.9999944165003968
7,0.2,8,220.58790681800065,0.9979000000000001,0.9999928302330543
7,0.2,9,220.2411374461894,0.9980499999999999,0.9999912314216072
7,0.2,10,219.9549060743682,0.99795,0.9999895815963032
7,0.2,11,219.72264690788424,0.9979999999999999,0.9999780497613815
7,0.2,12,219.52365735112403,0.9979999999999999,0.9999244457554706
7,0.2,13,219.37765393938338,0.99795,0.995497676582861
7,0.2,14,219.2515037692323,0.998,0.9740018705893394
7,0.3,0,218.55151394680814,0.9972,0.835903060232987
7,0.3,1,214.14032752234655,0.99735,0.9859601633527925
7,0.3,2,211.80722485791455,0.99755,0.9944235846997282
7,0.3,3,210.40200365771045,0.9978999999999999,0.997640961741922
7,0.3,4,209.41196324803806,0.9980499999999999,0.9986124443333556
7,0.3,5,208.70205757209845,0.9978999999999999,0.9993441268045592
7,0.3,6,208.12504591383376,0.9978,0.9997084408820894
7,0.3,7,207.68326795423354,0.9976499999999999,0.9999124883370349
7,0.3,8,207.3428315858583,0.9977499999999999,0.9999649327516716
7,0.3,9,207.06720987955728,0.9978000000000001,0.9999811609347314
7,0.3,10,206.83215826910896,0.99785,0.9999856299788146
7,0.3,11,206.64064424531955,0.99795,0.999977370073568
7,0.3,12,206.4677475937852,0.99795,0.9997301994111767
7,0.3,13,206.31591521941863,0.9981,0.9614489515233788
7,0.3,14,206.20460633973818,0.9982,0.9234503123480242
7,0.4,0,201.45691864250242,0.9974500000000001,0.1649092109255377
7,0.4,1,197.6358317293862,0.99825,0.3530600551437828
7,0.4,2,195.9937084109284,0.99835,0.6696767438835691
7,0.4,3,194.90066575634387,0.99855,0.887759792608185
7,0.4,4,194.12649003849472,0.9986,0.9533294541003672
7,0.4,5,193.55842613989068,0.99855,0.9792260445825496
7,0.4,6,193.1074463600336,0.9984500000000001,0.9838777771322225
7,0.4,7,192.74861547189167,0.9984500000000001,0.9755634767945476
7,0.4,8,192.46800314733224,0.9986,0.9589324993450723
7,0.4,9,192.24305819725805,0.9987,0.9331630857513326
7,0.4,10,192.05377445664516,0.9986499999999999,0.9276721777039423
7,0.4,11,191.8920362605605,0.9987999999999999,0.8918165352422915
7,0.4,12,191.743018216865,0.9989000000000001,0.8629795640024907
7,0.4,13,191.6304737652919,0.99885,0.8597545320220791
7,0.4,14,191.5213132163351,0.9989000000000001,0.8567913712189392
7,0.5,0,184.6144670339731,0.9970500000000001,0.022753302555297422
7,0.5,1,181.57117814284103,0.99795,0.08328273927466037
7,0.5,2,180.20657055194562,0.9981,0.17795110547772622
7,0.5,3,179.39774479010165,0.9979999999999999,0.3141795862312431
7,0.5,4,178.80695783174954,0.9982,0.5258958300024599
7,0.5,5,178.38369408631937,0.99825,0.6364784968092005
7,0.5,6,178.0718481601813,0.99825,0.6961679558874287
7,0.5,7,177.77924601236978,0.9984,0.7075423065695149
7,0.5,8,177.54543617444162,0.99855,0.6824796120414417
7,0.5,9,177.35033270028921,0.9987,0.719726975916885
7,0.5,10,177.1978959303636,0.9986499999999999,0.6672229052928471
7,0.5,11,177.0412846100636,0.9987,0.583329170579341
7,0.5,12,176.94124075082632,0.99885,0.4968785917639003
7,0.5,13,176.82733887892502,0.9987499999999999,0.39246165455055154
7,0.5,14,176.73893669324045,0.99885,0.36119581329711176
7,1.0,0,99.85709870167268,0.9590500000000001,9.332605463311243e-05
7,1.0,1,99.64117265358949,0.9588000000000001,6.394632562621826e-05
7,1.0,2,99.70600118392554,0.9572499999999999,6.526768071589465e-05
7,1.0,3,99.77646891276042,0.9563499999999999,6.434254099713849e-05
7,1.0,4,99.8327492934007,0.9561,6.177758453885794e-05
7,1.0,5,99.87339479495317,0.9564,6.254073847375636e-05
7,1.0,6,99.92274142534305,0.95525,7.339727480967545e-05
7,1.0,7,99.97584778223282,0.95555,0.00013565137899584925
7,1.0,8,100.03992188282503,0.9557499999999999,0.0003533642678567118
7,1.0,9,100.08057374220628,0.95625,0.0016731639076685708
7,1.0,10,100.12052604479668,0.9568,0.005047958545013016
7,1.0,11,100.14141552264874,0.95755,0.013552075150849063
7,1.0,12,100.17389356173001,0.9581500000000001,0.012154254060624604
7,1.0,13,100.21659909761868,0.9589000000000001,0.026940022389980237
7,1.0,14,100.24415647066556,0.95935,0.0268442119746379
8,0.0,0,265.47978934263574,0.9942,0.9376319291485842
8,0.0,1,257.6250956608699,0.9936999999999999,0.9916025745217232
8,0.0,2,253.9349142221304,0.9933,0.9997574397787394
8,0.0,3,251.57980366242236,0.9936999999999999,0.9999904464264348
8,0.0,4,249.89237350072617,0.9944,0.9999949613016084
8,0.0,5,248.66066507192758,0.99405,0.999996576013097
8,0.0,6,247.7710225031926,0.9937000000000001,0.9999968530496585
8,0.0,7,247.09260832957733,0.9938500000000001,0.99999731073258
8,0.0,8,246.55276821821164,0.9938,0.9999976425038133
8,0.0,9,246.09975648537662,0.9937999999999999,0.9999976726442288
8,0.0,10,245.7503904684996,0.9935499999999999,0.9999970547344739
8,0.0,11,245.45371754964194,0.99305,0.9999964011941384
8,0.0,12,245.2190661308093,0.9924,0.9999941672052466
8,0.0,13,244.9731928507487,0.9922000000000001,0.9999864830548972
8,0.0,14,244.74681384746845,0.992,0.9999210596695459
8,0.2,0,233.65417885293766,0.9978999999999999,0.9765803068247771
8,0.2,1,228.04699722601444,0.998,0.9986991319578148
8,0.2,2,225.52041003168847,0.9974500000000001,0.9999565965068293
8,0.2,3,223.96625020552653,0.99725,0.9999851985018072
8,0.2,4,222.84530125832072,0.9968999999999999,0.9999946033868116
8,0.2,5,222.02463500353755,0.9967500000000001,0.9999963163714367
8,0.2,6,221.3836995338907,0.9964500000000001,0.9999984104153719
8,0.2,7,220.89730772680167,0.9962500000000001,0.9999990241480357
8,0.2,8,220.496527068469,0.9962,0.9999992997110231
8,0.2,9,220.15269579206193,0.99635,0.9999993628028804
8,0.2,10,219.88475161182637,0.9962500000000001,0.9999993844297177
8,0.2,11,219.6598443790358,0.9964000000000001,0.9999991147516751
8,0.2,12,219.49156671640824,0.9961,0.9999985768665298
8,0.2,13,219.36963202028858,0.99605,0.999961155435813
8,0.2,14,219.2671276793188,0.9961,0.9986486153115705
8,0.3,0,218.0644375912778,0.9978999999999999,0.7124028127810982
8,0.3,1,213.3671310012405,0.9979000000000001,0.9605040418304188
8,0.3,2,211.30799150896502,0.99795,0.9977253736819085
8,0.3,3,209.99324722977371,0.9975999999999999,0.9997360069829843
8,0.3,4,209.07864874762458,0.9976499999999999,0.9999245315654175
8,0.3,5,208.4092212024036,0.99725,0.9999777108830397
8,0.3,6,207.898741163649,0.9970500000000001,0.9999915014141079
8,0.3,7,207.49815739812078,0.9968999999999999,0.9999959851259878
8,0.3,8,207.1674653474275,0.9968,0.9999951665089893
8,0.3,9,206.90589781065245,0.9967499999999999,0.9999875966126279
8,0.3,10,206.67545971569714,0.9967499999999999,0.9771749145073358
8,0.3,11,206.48270821786141,0.99655,0.9548547071145835
8,0.3,12,206.33615084811373,0.9964500000000001,0.9451451007357766
8,0.3,13,206.2100571640977,0.9964999999999999,0.9329101977975249
8,0.3,14,206.12014000695032,0.9966000000000002,0.8919640265814435
8,0.4,0,200.87436078685198,0.9982,0.18920105510212723
8,0.4,1,197.18450773963633,0.9982000000000001,0.7669123296683581
8,0.4,2,195.63007526249848,0.9979000000000001,0.9820573985871056
8,0.4,3,194.67551439861919,0.9979999999999999,0.9974554033495349
8,0.4,4,194.0147589158642,0.99785,0.998653030780657
8,0.4,5,193.5108696989311,0.9976499999999999,0.9989374383083425
8,0.4,6,193.13461705880573,0.99725,0.9984145456463323
8,0.4,7,192.82972043059593,0.9971500000000001,0.9867598666121783
8,0.4,8,192.57723833424177,0.99725,0.8716632474761866
8,0.4,9,192.38216678116672,0.9970500000000001,0.8188014692267798
8,0.4,10,192.17675911363705,0.9971500000000001,0.7725639388319091
8,0.4,11,192.01095983224323,0.9970000000000001,0.7182118472961178
8,0.4,12,191.91329896912094,0.9970000000000001,0.627623356745438
8,0.4,13,191.75371723027192,0.9971,0.5753731362938249
8,0.4,14,191.6696901543196,0.99705,0.6466717090296726
8,0.5,0,184.017880268586,0.9984,0.03193060260834389
8,0.5,1,181.134214254526,0.99855,0.10585653899712688
8,0.5,2,179.87990912412985,0.99835,0.2504896031551709
8,0.5,3,179.10549633319562,0.998,0.400857653600803
8,0.5,4,178.5584270770733,0.9977,0.5077299006336573
8,0.5,5,178.1098122229943,0.9976499999999999,0.5575237995587666
8,0.5,6,177.7744210072053,0.99755,0.5116935059413821
8,0.5,7,177.49657322810248,0.99745,0.5952434570905715
8,0.5,8,177.29309424375876,0.9973000000000001,0.6370579138390153
8,0.5,9,177.10488950289212,0.9973500000000002,0.660866057523457
8,0.5,10,176.95103728465546,0.9972,0.6728297053615333
8,0.5,11,176.82099435268304,0.9971499999999999,0.6518956755683806
8,0.5,12,176.7159295693422,0.9971,0.54381046832924
8,0.5,13,176.6334044627654,0.9971,0.5970030717304066
8,0.5,14,176.55582408415967,0.9970500000000001,0.6357342603368648
8,1.0,0,99.59954638358874,0.96045,0.0002079687078029983
8,1.0,1,99.5288076156225,0.9581500000000001,0.0002532978187085016
8,1.0,2,99.6064810141539,0.95845,0.0001867333315982219
8,1.0,3,99.68679027068309,0.95975,0.0001499057163591419
8,1.0,4,99.75298622326973,0.96125,0.0001395950480865967
8,1.0,5,99.80708215175531,0.9628500000000001,0.0001346709728103389
8,1.0,6,99.86818430973933,0.9653500000000002,0.00012282544148476922
8,1.0,7,99.93181835076747,0.9664999999999999,0.00011385962371942132
8,1.0,8,99.98609161376953,0.9679500000000001,0.00012252174410217812
8,1.0,9,100.03003095969176,0.96915,0.0002898126055617715
8,1.0,10,100.07409579937274,0.9702,0.007229200625469234
8,1.0,11,100.1363288683769,0.9721,0.0025899986989945134
8,1.0,12,100.18322528936925,0.9724999999999999,0.001607950676261137
8,1.0,13,100.21381133641952,0.9729999999999999,0.007214181067260003
8,1.0,14,100.23175743298653,0.97325,0.009224531476441073
9,0.0,0,266.9656235132462,0.9925,0.9652730985707901
9,0.0,1,258.45513798640326,0.9941500000000001,0.997130705829635
9,0.0,2,254.1933116423778,0.9940999999999999,0.9999379665993642
9,0.0,3,251.63072478465546,0.9931000000000001,0.9999931620814106
9,0.0,4,249.86055696927585,0.9928999999999999,0.999994880111363
9,0.0,5,248.57871676713992,0.9923,0.999993818259958
9,0.0,6,247.61120781531702,0.9919499999999999,0.9999925648296142
9,0.0,7,246.85481888208633,0.99115,0.9999926956297884
9,0.0,8,246.25538615691357,0.99145,0.9999946876062368
9,0.0,9,245.77038750281702,0.9913500000000001,0.99999515200636
9,0.0,10,245.34481576772836,0.9916499999999999,0.9999959645504943
9,0.0,11,244.99691733335837,0.99215,0.9999960272409565
9,0.0,12,244.7156467926808,0.9917,0.9999949918037943
9,0.0,13,244.4749262883113,0.9919499999999999,0.9999955479307259
9,0.0,14,244.25607593242938,0.99185,0.999995979695967
9,0.2,0,234.30287310541894,0.9974000000000001,0.9792034653257481
9,0.2,1,228.7302208725287,0.9982,0.9997746647838703
9,0.2,2,226.01568338822347,0.99825,0.9999976080153223
9,0.2,3,224.31622252172355,0.9978,0.9999994569412258
9,0.2,4,223.18803608174227,0.99755,0.9999998028011922
9,0.2,5,222.3386549657705,0.9972,0.999999857523119
9,0.2,6,221.6448495047433,0.99685,0.9999998937490764
9,0.2,7,221.09434213443677,0.9968,0.9999999348388394
9,0.2,8,220.64855100670638,0.9964999999999999,0.9999999287994655
9,0.2,9,220.27833416997169,0.9963,0.9999999169668231
9,0.2,10,219.98131763691805,0.9962,0.9999996886113236
9,0.2,11,219.7206083025251,0.9962500000000001,0.9999529404940245
9,0.2,12,219.50224179637675,0.9961500000000001,0.9985052602387766
9,0.2,13,219.32944021419604,0.99605,0.99414809254828
9,0.2,14,219.15617012491032,0.99635,0.9985895812077215
9,0.3,0,219.0650491800394,0.9982,0.9806423622555471
9,0.3,1,214.29744053746128,0.99855,0.9991041714571633
9,0.3,2,211.8194654310072,0.9984999999999999,0.9997992549900451
9,0.3,3,210.3777531804265,0.99855,0.9999056997116094
9,0.3,4,209.3934201077298,0.9984500000000001,0.9999582074590957
9,0.3,5,208.706120259053,0.99855,0.9999796815609925
9,0.3,6,208.14897032041807,0.99855,0.9999918202992366
9,0.3,7,207.72921120583473,0.9984,0.999995559048876
9,0.3,8,207.38834154283677,0.99855,0.9999946486977285
9,0.3,9,207.1140054238809,0.9984999999999999,0.9999768045782106
9,0.3,10,206.88262595786705,0.9984999999999999,0.9742223686612799
9,0.3,11,206.68449759268546,0.9986,0.9287716499601166
9,0.3,12,206.5181079211536,0.9987499999999999,0.8898161097289357
9,0.3,13,206.3841427639798,0.9987999999999999,0.9074785271985529
9,0.3,14,206.25018008120426,0.99875,0.9736392125190212
9,0.4,0,201.6862986956456,0.998,0.34512380444552754
9,0.4,1,197.77121752361919,0.9984,0.6228197689301074
9,0.4,2,195.96193322470023,0.9984500000000001,0.7865980233313634
9,0.4,3,194.86546503111373,0.9984999999999999,0.932011331406977
9,0.4,4,194.12913584154705,0.99835,0.9758399018145448
9,0.4,5,193.6146143240522,0.99825,0.9915935781391154
9,0.4,6,193.18284441334333,0.9981500000000001,0.9949402495067753
9,0.4,7,192.82639188544695,0.9982,0.995265360317286
9,0.4,8,192.558342630549,0.9981000000000002,0.9885934611899966
9,0.4,9,192.3313470884811,0.9981500000000001,0.9699632879599478
9,0.4,10,192.1126684144486,0.9982000000000001,0.9564853299794722
9,0.4,11,191.97956753516382,0.9980499999999999,0.9316978496397905
9,0.4,12,191.78485438620396,0.9982000000000001,0.9048128769108096
9,0.4,13,191.6586353390716,0.9981500000000001,0.8479099725266431
9,0.4,14,191.52437940494033,0.9981500000000001,0.8244347099112365
9,0.5,0,184.93245100363706,0.9986500000000001,0.02621624599923854
9,0.5,1,181.66138380001752,0.9983500000000001,0.11201336477460211
9,0.5,2,180.34841909164038,0.9984500000000001,0.27196593119218926
9,0.5,3,179.4743557465382,0.9985000000000002,0.6052067673637244
9,0.5,4,178.91700470753204,0.99835,0.8409090088736393
9,0.5,5,178.5175348917643,0.9984,0.9161414041984378
9,0.5,6,178.17721909743088,0.9986,0.9339213562292645
9,0.5,7,177.91203630887546,0.9987,0.8827514009074074
9,0.5,8,177.73697779728815,0.9987,0.8247132556566862
9,0.5,9,177.5520875392816,0.99875,0.8067399191865358
9,0.5,10,177.410340431409,0.99875,0.8009936529031285
9,0.5,11,177.27927623650967,0.9987999999999999,0.8040031482104052
9,0.5,12,177.1496092967498,0.9987,0.8595097757192919
9,0.5,13,177.03637118217273,0.9986,0.9238423072782257
9,0.5,14,176.92480654594226,0.9986499999999999,0.9126407029576792
9,1.0,0,99.73694170438327,0.9696999999999999,1.2640717435149843e-05
9,1.0,1,99.72301805936374,0.96745,1.627653055701866e-05
9,1.0,2,99.80538627428886,0.9674999999999999,1.4905468266894688e-05
9,1.0,3,99.86640020517203,0.9676,1.0592248152516273e-05
9,1.0,4,99.91076513437125,0.96815,9.072844646429029e-06
9,1.0,5,99.96476814074394,0.96785,8.340195774814923e-06
9,1.0,6,100.00036386343149,0.9682499999999999,8.22668126658901e-06
9,1.0,7,100.04047061235477,0.96905,1.3943695739986251e-05
9,1.0,8,100.0920662513146,0.9701000000000001,0.00021180386029106662
9,1.0,9,100.12444735796024,0.9704,0.023758962736978053
9,1.0,10,100.17014449681992,0.9713499999999999,0.0480274012445235
9,1.0,11,100.19835124871669,0.97165,0.06373221822025558
9,1.0,12,100.21090091803136,0.9722,0.039608667783221495
9,1.0,13,100.25039565257536,0.9722500000000001,0.04125235325599025
9,1.0,14,100.27733533810347,0.9729000000000001,0.053188018449096236
